,precision,recall,fscore,support,macro f1,accuracy
0,[1. 0.],[0.97192643 0.        ],[0.98576338 0.        ],[1033    0],0.49288168875797744,0.9719264278799613
