,precision,recall,fscore,support,macro f1,accuracy
0,[1. 0.],[0.00193611 0.        ],[0.00386473 0.        ],[1033    0],0.001932367149758454,0.001936108422071636
