,precision,recall,fscore,support,macro f1,accuracy
0,[1. 0.],[0.89060987 0.        ],[0.9421403 0.       ],[1033    0],0.4710701484895033,0.8906098741529526
