,precision,recall,fscore,support,macro f1,accuracy
0,[1. 0.],[0.88480155 0.        ],[0.93888033 0.        ],[1033    0],0.4694401643554186,0.8848015488867377
