,precision,recall,fscore,support,macro f1,accuracy
0,[1. 0.],[0.60019361 0.        ],[0.75015124 0.        ],[1033    0],0.3750756200846945,0.6001936108422071
