,precision,recall,fscore,support,macro f1,accuracy
0,[1. 0.],[0.00290416 0.        ],[0.00579151 0.        ],[1033    0],0.002895752895752896,0.002904162633107454
