,precision,recall,fscore,support,macro f1,accuracy
0,[1. 0.],[0.86447241 0.        ],[0.92731049 0.        ],[1033    0],0.4636552440290758,0.8644724104549855
