,precision,recall,fscore,support,macro f1,accuracy
0,[1. 0.],[0.00968054 0.        ],[0.01917546 0.        ],[1033    0],0.009587727708533078,0.00968054211035818
