,precision,recall,fscore,support,macro f1,accuracy
0,[1. 0.],[0.91577928 0.        ],[0.9560384 0.       ],[1033    0],0.4780192016169783,0.9157792836398838
