,precision,recall,fscore,support,macro f1,accuracy
0,[1. 0.],[0.88964182 0.        ],[0.94159836 0.        ],[1033    0],0.4707991803278688,0.8896418199419167
