,precision,recall,fscore,support,macro f1,accuracy
0,[1. 0.],[0.90222652 0.        ],[0.94860051 0.        ],[1033    0],0.4743002544529262,0.9022265246853823
