,precision,recall,fscore,support,macro f1,accuracy
0,[1. 0.],[0.81800581 0.        ],[0.8998935 0.       ],[1033    0],0.4499467518636848,0.8180058083252663
