,precision,recall,fscore,support,macro f1,accuracy
0,[0. 1.],[0.         0.84414327],[0.         0.91548556],[   0 1033],0.45774278215223096,0.8441432720232332
