,precision,recall,fscore,support,macro f1,accuracy
0,[0. 1.],[0.         0.44627299],[0.         0.61713521],[   0 1033],0.30856760374832665,0.4462729912875121
