,precision,recall,fscore,support,macro f1,accuracy
0,[0. 1.],[0.         0.51306873],[0.         0.67818298],[   0 1033],0.3390914907229686,0.5130687318489835
