,precision,recall,fscore,support,macro f1,accuracy
0,[0. 1.],[0.         0.91868345],[0.         0.95761857],[   0 1033],0.4788092835519677,0.9186834462729913
