,precision,recall,fscore,support,macro f1,accuracy
0,[0. 1.],[0.         0.85091965],[0.         0.91945607],[   0 1033],0.45972803347280333,0.850919651500484
