,precision,recall,fscore,support,macro f1,accuracy
0,[0. 1.],[0.         0.00096805],[0.         0.00193424],[   0 1033],0.0009671179883945843,0.000968054211035818
