,precision,recall,fscore,support,macro f1,accuracy
0,[0. 1.],[0.         0.40851888],[0.         0.58006873],[   0 1033],0.29003436426116835,0.4085188770571152
