,precision,recall,fscore,support,macro f1,accuracy
0,[0. 1.],[0.         0.76669894],[0.         0.86794521],[   0 1033],0.43397260273972604,0.7666989351403679
