,precision,recall,fscore,support,macro f1,accuracy
0,[0. 1.],[0.         0.94385286],[0.         0.97111554],[   0 1033],0.48555776892430275,0.9438528557599225
