,precision,recall,fscore,support,macro f1,accuracy
0,[0. 1.],[0.         0.71636012],[0.         0.83474337],[   0 1033],0.41737168640721944,0.7163601161665053
