,precision,recall,fscore,support,macro f1,accuracy
0,[0. 1.],[0.         0.88673766],[0.         0.93996921],[   0 1033],0.46998460749102106,0.8867376573088093
