,precision,recall,fscore,support,macro f1,accuracy
0,[0. 1.],[0.         0.99903195],[0.         0.99951574],[   0 1033],0.4997578692493947,0.9990319457889641
