,precision,recall,fscore,support,macro f1,accuracy
0,[0. 1.],[0.         0.92545983],[0.         0.96128708],[   0 1033],0.4806435394670689,0.925459825750242
