gpt4o,gpt35turbo,flant5xxl,flant5xl,flant5large,flant5small,llama31405binstruct,llama370binstruct,llama38binstruct,llama270bchat,llama213bchat,llama27bchat,gpt4
69.56882255389718,82.58706467661692,63.930348258706466,91.12769485903816,97.67827529021558,0.0,78.5240464344942,81.8407960199005,77.86069651741293,93.69817578772802,85.48922056384743,59.86733001658374,79.02155887230514
71.06135986733001,44.36152570480929,58.7893864013267,13.018242122719734,0.5804311774461027,100.0,80.01658374792703,72.636815920398,48.75621890547264,24.543946932006634,8.374792703150911,18.076285240464344,78.02653399668326
