gpt4o,gpt35turbo,flant5xxl,flant5xl,flant5large,flant5small,llama31405binstruct,llama370binstruct,llama38binstruct,llama270bchat,llama213bchat,llama27bchat,gpt4
11.800417515981366,9.170302781675005,13.70870222234314,6.971094380425774,3.3956210994101617,0.0,5.608519593063298,4.003352472495293,5.1762816036529395,5.348740770437856,3.4498580535181937,46.262192169518194,3.1102818131859165
6.67637470427883,22.283244599025227,23.162841965590196,11.236330615383688,0.7996393665831637,0.0,12.431175676225642,16.123164600098303,3.36511175583798,16.888574928134805,3.3405036614400805,29.158997000835495,4.602550277405611
