gpt4o_p1,gpt4o_p2,gpt4o_p3,gpt35turbo_p1,gpt35turbo_p2,gpt35turbo_p3,flant5xxl_p1,flant5xxl_p2,flant5xxl_p3,flant5xl_p1,flant5xl_p2,flant5xl_p3,flant5large_p1,flant5large_p2,flant5large_p3,flant5small_p1,flant5small_p2,flant5small_p3,llama31405binstruct_p1,llama31405binstruct_p2,llama31405binstruct_p3,llama370binstruct_p1,llama370binstruct_p2,llama370binstruct_p3,llama38binstruct_p1,llama38binstruct_p2,llama38binstruct_p3,llama270bchat_p1,llama270bchat_p2,llama270bchat_p3,llama213bchat_p1,llama213bchat_p2,llama213bchat_p3,llama27bchat_p1,llama27bchat_p2,llama27bchat_p3,gpt4_p1,gpt4_p2,gpt4_p3
73.88059701492537,78.35820895522389,56.21890547263681,75.87064676616916,78.85572139303483,93.03482587064677,77.11442786069652,49.75124378109453,64.92537313432835,98.2587064676617,90.79601990049751,84.32835820895522,93.78109452736318,100.0,99.25373134328358,0.0,0.0,0.0,73.13432835820896,84.32835820895522,78.1094527363184,77.61194029850746,82.33830845771143,85.57213930348259,74.6268656716418,75.12437810945273,83.83084577114428,96.76616915422885,87.81094527363184,95.02487562189054,82.33830845771143,84.5771144278607,89.30348258706468,87.56218905472637,85.07462686567165,6.467661691542288,77.61194029850746,76.86567164179104,82.58706467661692
78.60696517412936,65.92039800995025,68.65671641791045,68.65671641791045,39.55223880597015,24.875621890547265,36.318407960199,82.58706467661692,57.46268656716418,0.24875621890547264,21.393034825870647,17.412935323383085,1.4925373134328357,0.0,0.24875621890547264,100.0,100.0,100.0,90.79601990049751,66.4179104477612,82.83582089552239,86.56716417910447,54.975124378109456,76.3681592039801,52.23880597014925,48.507462686567166,45.52238805970149,9.45273631840796,42.78606965174129,21.393034825870647,5.970149253731343,12.189054726368159,6.965174129353234,1.7412935323383085,0.7462686567164178,51.741293532338304,82.58706467661692,73.38308457711443,78.1094527363184
