gpt4o_,gpt35turbo_,flant5xxl_,flant5xl_,flant5large_,flant5small_,llama31405binstruct_,llama370binstruct_,llama38binstruct_,llama270bchat_,llama213bchat_,llama27bchat_,gpt4_
48.67330016583748,32.83582089552239,32.91873963515754,9.950248756218905,0.5804311774461028,0.0,60.3648424543947,57.54560530679934,33.83084577114428,21.80762852404644,5.638474295190713,1.658374792703151,59.618573797678266
