gpt4o_p1,gpt4o_p2,gpt4o_p3,gpt35turbo_p1,gpt35turbo_p2,gpt35turbo_p3,flant5xxl_p1,flant5xxl_p2,flant5xxl_p3,flant5xl_p1,flant5xl_p2,flant5xl_p3,flant5large_p1,flant5large_p2,flant5large_p3,flant5small_p1,flant5small_p2,flant5small_p3,llama31405binstruct_p1,llama31405binstruct_p2,llama31405binstruct_p3,llama370binstruct_p1,llama370binstruct_p2,llama370binstruct_p3,llama38binstruct_p1,llama38binstruct_p2,llama38binstruct_p3,llama270bchat_p1,llama270bchat_p2,llama270bchat_p3,llama213bchat_p1,llama213bchat_p2,llama213bchat_p3,llama27bchat_p1,llama27bchat_p2,llama27bchat_p3,gpt4_p1,gpt4_p2,gpt4_p3
0.5771144278606966,0.4975124378109453,0.38308457711442784,0.5099502487562189,0.2537313432835821,0.22139303482587064,0.2537313432835821,0.3855721393034826,0.3482587064676617,0.0024875621890547263,0.17661691542288557,0.11940298507462686,0.014925373134328358,0.0,0.0024875621890547263,0.0,0.0,0.0,0.6442786069651741,0.527363184079602,0.6393034825870647,0.6592039800995025,0.43283582089552236,0.6343283582089553,0.35572139303482586,0.30845771144278605,0.35074626865671643,0.09203980099502487,0.36069651741293535,0.20149253731343283,0.03731343283582089,0.07711442786069651,0.05472636815920398,0.017412935323383085,0.0024875621890547263,0.029850746268656716,0.6218905472636815,0.5422885572139303,0.6243781094527363
