gpt4o_,gpt35turbo_,flant5xxl_,flant5xl_,flant5large_,flant5small_,llama31405binstruct_,llama370binstruct_,llama38binstruct_,llama270bchat_,llama213bchat_,llama27bchat_,gpt4_
9.769291519297775,15.809235667100143,6.795796513984365,8.8754043656275,0.7996393665831637,0.0,6.611177202413811,12.413741220843749,2.5970911713707845,13.509394264952771,1.9952254420424487,1.3700424246980354,4.669289626965535
