precision,recall,fscore,support,f1,macro f1,accuracy
0.6785714285714285,0.9444444444444445,0.7845487845487845,12.0,0.7845487845487845,0.7029601976970398,0.7222222222222222
