precision,recall,fscore,support,f1,macro f1,accuracy
0.9162781662781662,0.9166666666666666,0.9154106280193236,12.0,0.9154106280193236,0.9165700483091787,0.9166666666666666
