precision,recall,fscore,support,f1,macro f1,accuracy
0.4431818181818182,0.5555555555555556,0.4671497584541063,12.0,0.4671497584541063,0.39690821256038644,0.4583333333333333
