precision,recall,fscore,support,f1,macro f1,accuracy
0.574915549743925,1.0,0.7290601871247032,12.0,0.7290601871247032,0.5548770015563185,0.625
