precision,recall,fscore,support,f1,macro f1,accuracy
0.39194139194139194,0.4444444444444445,0.41641025641025636,12.0,0.41641025641025636,0.5129921286443025,0.5694444444444444
