precision,recall,fscore,support,f1,macro f1,accuracy
0.8069444444444445,0.8333333333333334,0.8124098124098125,12.0,0.8124098124098125,0.8027861027861029,0.8055555555555557
