precision,recall,fscore,support,f1,macro f1,accuracy
0.9666666666666667,0.5555555555555555,0.6727272727272728,12.0,0.6727272727272728,0.5646245059288538,0.47222222222222215
