precision,recall,fscore,support,f1,macro f1,accuracy
0.6171122994652407,1.0,0.7611561866125761,12.0,0.7611561866125761,0.6343374918025286,0.6805555555555555
