precision,recall,fscore,support,f1,macro f1,accuracy
0.5144927536231885,1.0,0.6793650793650793,12.0,0.6793650793650793,0.39096459096459096,0.5277777777777777
