precision,recall,fscore,support,f1,macro f1,accuracy
0.29967948717948717,0.36111111111111116,0.32666666666666666,12.0,0.32666666666666666,0.39690821256038644,0.4583333333333333
