precision,recall,fscore,support,f1,macro f1,accuracy
0.9333333333333332,0.5,0.621371610845295,12.0,0.621371610845295,0.7029601976970398,0.7222222222222222
