precision,recall,fscore,support,f1,macro f1,accuracy
1.0,0.36111111111111116,0.5075187969924811,12.0,0.5075187969924811,0.6343374918025286,0.6805555555555555
