precision,recall,fscore,support,f1,macro f1,accuracy
0.5848484848484848,0.6944444444444445,0.6095740008783487,12.0,0.6095740008783487,0.5129921286443025,0.5694444444444444
