precision,recall,fscore,support,f1,macro f1,accuracy
0.6363636363636364,0.3888888888888889,0.45652173913043476,12.0,0.45652173913043476,0.5646245059288538,0.47222222222222215
