precision,recall,fscore,support,f1,macro f1,accuracy
1.0,0.25,0.3806938159879336,12.0,0.3806938159879336,0.5548770015563185,0.625
