precision,recall,fscore,support,f1,macro f1,accuracy
0.6666666666666666,0.05555555555555555,0.10256410256410257,12.0,0.10256410256410257,0.39096459096459096,0.5277777777777777
