precision,recall,fscore,support,f1,macro f1,accuracy
0.9209401709401709,0.9166666666666666,0.9177294685990338,12.0,0.9177294685990338,0.9165700483091787,0.9166666666666666
