precision,recall,fscore,support,f1,macro f1,accuracy
0.8313492063492064,0.7777777777777778,0.7931623931623931,12.0,0.7931623931623931,0.8027861027861029,0.8055555555555557
