precision,recall,fscore,support,f1,macro f1,accuracy
0.762292395664354,0.7908496732026143,0.7664296674955285,816.0,0.7664296674955285,0.7535950008019343,0.7577614379084968
