precision,recall,fscore,support,f1,macro f1,accuracy
0.41023600387557985,0.45465686274509803,0.43088622931142617,816.0,0.43088622931142617,0.5281391104426717,0.5847630718954249
