precision,recall,fscore,support,f1,macro f1,accuracy
0.502528618442078,0.9926470588235294,0.6672236145920355,816.0,0.6672236145920355,0.34979325428541846,0.5049019607843137
