precision,recall,fscore,support,f1,macro f1,accuracy
0.9072907222641081,0.5633169934640523,0.6760109513512722,816.0,0.6760109513512722,0.5338363099455015,0.42973856209150324
