precision,recall,fscore,support,f1,macro f1,accuracy
0.4745478450223921,0.5919117647058824,0.49796081198622155,816.0,0.49796081198622155,0.42384003830043443,0.4875408496732027
