precision,recall,fscore,support,f1,macro f1,accuracy
0.8783470611093063,0.8897058823529411,0.8838661835106363,816.0,0.8838661835106363,0.881918450755356,0.8768382352941178
