precision,recall,fscore,support,f1,macro f1,accuracy
0.6666666666666666,0.0024509803921568627,0.004882024370365953,816.0,0.004882024370365953,0.3360470480406577,0.5012254901960784
