precision,recall,fscore,support,f1,macro f1,accuracy
0.5564722849424762,0.954656862745098,0.7015414936310779,816.0,0.7015414936310779,0.5142393741908027,0.5906862745098039
