precision,recall,fscore,support,f1,macro f1,accuracy
0.5804488447721406,0.9705882352941178,0.724857432996592,816.0,0.724857432996592,0.5686867721645413,0.6266339869281046
