precision,recall,fscore,support,f1,macro f1,accuracy
0.7093455311474317,0.888888888888889,0.7838363661766703,816.0,0.7838363661766703,0.7394892610348777,0.7430555555555555
