precision,recall,fscore,support,f1,macro f1,accuracy
0.7844014593058227,0.7246732026143791,0.7407603341083401,816.0,0.7407603341083401,0.7535950008019343,0.7577614379084968
