precision,recall,fscore,support,f1,macro f1,accuracy
0.5954435993722321,0.7148692810457516,0.6253919915739172,816.0,0.6253919915739172,0.5281391104426717,0.5847630718954249
