precision,recall,fscore,support,f1,macro f1,accuracy
0.763475077840403,0.2267156862745098,0.3269372547505275,816.0,0.3269372547505275,0.5142393741908027,0.5906862745098039
