precision,recall,fscore,support,f1,macro f1,accuracy
0.8416056166056167,0.29616013071895425,0.39166166853973056,816.0,0.39166166853973056,0.5338363099455015,0.42973856209150324
