precision,recall,fscore,support,f1,macro f1,accuracy
0.8712151820427324,0.5972222222222222,0.6951421558930853,816.0,0.6951421558930853,0.7394892610348777,0.7430555555555555
