precision,recall,fscore,support,f1,macro f1,accuracy
0.4930374257805586,0.38316993464052285,0.34971926461464736,816.0,0.34971926461464736,0.42384003830043443,0.4875408496732027
