precision,recall,fscore,support,f1,macro f1,accuracy
0.8970834666559049,0.863970588235294,0.8799707180000759,816.0,0.8799707180000759,0.881918450755356,0.8768382352941178
