precision,recall,fscore,support,f1,macro f1,accuracy
0.4567901234567901,0.017156862745098037,0.032362893978801356,816.0,0.032362893978801356,0.34979325428541846,0.5049019607843137
