precision,recall,fscore,support,f1,macro f1,accuracy
0.5006139993870055,1.0,0.6672120717109497,816.0,0.6672120717109497,0.3360470480406577,0.5012254901960784
