precision,recall,fscore,support,f1,macro f1,accuracy
0.9175239169763829,0.2826797385620915,0.4125161113324907,816.0,0.4125161113324907,0.5686867721645413,0.6266339869281046
