precision,recall,fscore,support,f1,macro f1,accuracy
0.42103549332465,0.4230769230769231,0.4217064400130761,156.0,0.4217064400130761,0.5318429183141172,0.5876068376068376
