precision,recall,fscore,support,f1,macro f1,accuracy
0.8905683981528512,0.8504273504273504,0.8695687748905527,156.0,0.8695687748905527,0.8701071376282622,0.8664529914529915
