precision,recall,fscore,support,f1,macro f1,accuracy
0.3333333333333333,0.004273504273504273,0.008438818565400843,156.0,0.008438818565400843,0.3380296143375407,0.5021367521367521
