precision,recall,fscore,support,f1,macro f1,accuracy
0.4822098835869282,0.6217948717948718,0.5157475494043844,156.0,0.5157475494043844,0.42928005994390334,0.49358974358974356
