precision,recall,fscore,support,f1,macro f1,accuracy
0.7801189756178085,0.7799145299145299,0.7745748996852528,156.0,0.7745748996852528,0.7697034345411312,0.7713675213675213
