precision,recall,fscore,support,f1,macro f1,accuracy
0.5887834275079399,0.982905982905983,0.734846254518942,156.0,0.734846254518942,0.5814951847979533,0.6399572649572649
