precision,recall,fscore,support,f1,macro f1,accuracy
0.5004995547446841,0.982905982905983,0.6632055958189254,156.0,0.6632055958189254,0.3496568119679162,0.5010683760683761
