precision,recall,fscore,support,f1,macro f1,accuracy
0.7230368626074094,0.8461538461538461,0.7733716447765379,156.0,0.7733716447765379,0.7401413364588482,0.7414529914529915
