precision,recall,fscore,support,f1,macro f1,accuracy
0.9093791351858966,0.5833333333333334,0.6990416872716309,156.0,0.6990416872716309,0.5356326056678934,0.43589743589743585
