precision,recall,fscore,support,f1,macro f1,accuracy
0.5697701277831229,0.9423076923076924,0.7074081201164634,156.0,0.7074081201164634,0.5353972745826974,0.6057692307692307
