precision,recall,fscore,support,f1,macro f1,accuracy
0.8813852813852815,0.2692307692307692,0.3633864290489314,156.0,0.3633864290489314,0.5353972745826974,0.6057692307692307
