precision,recall,fscore,support,f1,macro f1,accuracy
0.6517506085002808,0.2884615384615385,0.37222352406415604,156.0,0.37222352406415604,0.5356326056678934,0.43589743589743585
