precision,recall,fscore,support,f1,macro f1,accuracy
0.5010752688172043,1.0,0.6676204101096804,156.0,0.6676204101096804,0.3380296143375407,0.5021367521367521
