precision,recall,fscore,support,f1,macro f1,accuracy
0.4761904761904762,0.019230769230769232,0.03610802811690714,156.0,0.03610802811690714,0.3496568119679162,0.5010683760683761
