precision,recall,fscore,support,f1,macro f1,accuracy
0.5880944425882615,0.7521367521367521,0.6419793966151581,156.0,0.6419793966151581,0.5318429183141172,0.5876068376068376
