precision,recall,fscore,support,f1,macro f1,accuracy
0.9423767752715121,0.297008547008547,0.4281441150769645,156.0,0.4281441150769645,0.5814951847979533,0.6399572649572649
