precision,recall,fscore,support,f1,macro f1,accuracy
0.7784847421211057,0.7628205128205128,0.7648319693970095,156.0,0.7648319693970095,0.7697034345411312,0.7713675213675213
