precision,recall,fscore,support,f1,macro f1,accuracy
0.33453829634932,0.3653846153846154,0.34281257048342234,156.0,0.34281257048342234,0.42928005994390334,0.49358974358974356
