precision,recall,fscore,support,f1,macro f1,accuracy
0.8599891761375463,0.8824786324786325,0.8706455003659719,156.0,0.8706455003659719,0.8701071376282622,0.8664529914529915
