precision,recall,fscore,support,f1,macro f1,accuracy
0.8281021061683943,0.6367521367521367,0.7069110281411582,156.0,0.7069110281411582,0.7401413364588482,0.7414529914529915
