precision,recall,fscore,support,f1,macro f1,accuracy
0.48869565217391303,0.4666666666666666,0.4772222222222222,25.0,0.4772222222222222,0.5910042735042734,0.6466666666666666
