precision,recall,fscore,support,f1,macro f1,accuracy
0.44949494949494945,0.6133333333333334,0.48969659314486896,25.0,0.48969659314486896,0.4062239579480958,0.48
