precision,recall,fscore,support,f1,macro f1,accuracy
1.0,0.7466666666666667,0.8494483159117306,25.0,0.8494483159117306,0.6568988460129063,0.5599999999999999
