precision,recall,fscore,support,f1,macro f1,accuracy
0.822866344605475,0.84,0.8301282051282052,25.0,0.8301282051282052,0.8263888888888888,0.8266666666666667
