precision,recall,fscore,support,f1,macro f1,accuracy
0.6513615888615888,1.0,0.7844840284232607,25.0,0.7844840284232607,0.6658890948762549,0.7133333333333333
