precision,recall,fscore,support,f1,macro f1,accuracy
0.49659863945578236,0.9466666666666667,0.6509988249118684,25.0,0.6509988249118684,0.3577574769720632,0.49333333333333335
