precision,recall,fscore,support,f1,macro f1,accuracy
0.9368091168091168,0.9733333333333333,0.9544896933132226,25.0,0.9544896933132226,0.9460509932287154,0.94
