precision,recall,fscore,support,f1,macro f1,accuracy
0.7926233443474823,0.9066666666666667,0.8364557648474372,25.0,0.8364557648474372,0.820439608319655,0.82
