precision,recall,fscore,support,f1,macro f1,accuracy
0.9721739130434782,0.9066666666666666,0.937612293144208,25.0,0.937612293144208,0.9460509932287154,0.94
