precision,recall,fscore,support,f1,macro f1,accuracy
0.9339506172839506,0.7333333333333334,0.8044234517918728,25.0,0.8044234517918728,0.820439608319655,0.82
