precision,recall,fscore,support,f1,macro f1,accuracy
0.325593395252838,0.3466666666666667,0.32275132275132273,25.0,0.32275132275132273,0.4062239579480958,0.48
