precision,recall,fscore,support,f1,macro f1,accuracy
1.0,0.4266666666666667,0.547294161329249,25.0,0.547294161329249,0.6658890948762549,0.7133333333333333
