precision,recall,fscore,support,f1,macro f1,accuracy
0.6666666666666666,0.37333333333333335,0.464349376114082,25.0,0.464349376114082,0.6568988460129063,0.5599999999999999
