precision,recall,fscore,support,f1,macro f1,accuracy
0.16666666666666666,0.04,0.06451612903225806,25.0,0.06451612903225806,0.3577574769720632,0.49333333333333335
