precision,recall,fscore,support,f1,macro f1,accuracy
1.0,0.4533333333333333,0.5971685971685972,25.0,0.5971685971685972,0.6935852108265902,0.7266666666666666
