precision,recall,fscore,support,f1,macro f1,accuracy
0.8346752549651101,0.8133333333333335,0.8226495726495727,25.0,0.8226495726495727,0.8263888888888888,0.8266666666666667
