precision,recall,fscore,support,f1,macro f1,accuracy
0.6392592592592593,0.8266666666666667,0.7047863247863249,25.0,0.7047863247863249,0.5910042735042734,0.6466666666666666
