precision,recall,fscore,support,f1,macro f1,accuracy
0.5217391304347826,1.0,0.6857142857142857,12,0.6857142857142857,0.4197802197802198,0.5416666666666666
1.0,0.08333333333333333,0.15384615384615385,12,0.15384615384615385,0.4197802197802198,0.5416666666666666
0.631578947368421,1.0,0.7741935483870968,12,0.7741935483870968,0.6812144212523719,0.7083333333333334
1.0,0.4166666666666667,0.5882352941176471,12,0.5882352941176471,0.6812144212523719,0.7083333333333334
0.5714285714285714,1.0,0.7272727272727273,12,0.7272727272727273,0.5636363636363637,0.625
1.0,0.25,0.4,12,0.4,0.5636363636363637,0.625
