precision,recall,fscore,support,f1,macro f1,accuracy
0.6875,0.9166666666666666,0.7857142857142857,12,0.7857142857142857,0.7428571428571429,0.75
0.875,0.5833333333333334,0.7,12,0.7,0.7428571428571429,0.75
0.9,0.75,0.8181818181818182,12,0.8181818181818182,0.8321678321678322,0.8333333333333334
0.7857142857142857,0.9166666666666666,0.8461538461538461,12,0.8461538461538461,0.8321678321678322,0.8333333333333334
0.8333333333333334,0.8333333333333334,0.8333333333333334,12,0.8333333333333334,0.8333333333333334,0.8333333333333334
0.8333333333333334,0.8333333333333334,0.8333333333333334,12,0.8333333333333334,0.8333333333333334,0.8333333333333334
