precision,recall,fscore,support,f1,macro f1,accuracy
0.7142857142857143,0.8333333333333334,0.7692307692307693,12,0.7692307692307693,0.7482517482517483,0.75
0.8,0.6666666666666666,0.7272727272727273,12,0.7272727272727273,0.7482517482517483,0.75
0.75,1.0,0.8571428571428571,12,0.8571428571428571,0.7969924812030075,0.7916666666666666
1.0,0.5833333333333334,0.7368421052631579,12,0.7368421052631579,0.7969924812030075,0.7916666666666666
0.5714285714285714,1.0,0.7272727272727273,12,0.7272727272727273,0.5636363636363637,0.625
1.0,0.25,0.4,12,0.4,0.5636363636363637,0.625
