precision,recall,fscore,support,f1,macro f1,accuracy
0.9166666666666666,0.9166666666666666,0.9166666666666666,12,0.9166666666666666,0.9166666666666666,0.9166666666666666
0.9166666666666666,0.9166666666666666,0.9166666666666666,12,0.9166666666666666,0.9166666666666666,0.9166666666666666
0.9090909090909091,0.8333333333333334,0.8695652173913043,12,0.8695652173913043,0.8747826086956522,0.875
0.8461538461538461,0.9166666666666666,0.88,12,0.88,0.8747826086956522,0.875
0.9230769230769231,1.0,0.96,12,0.96,0.9582608695652174,0.9583333333333334
1.0,0.9166666666666666,0.9565217391304348,12,0.9565217391304348,0.9582608695652174,0.9583333333333334
