precision,recall,fscore,support,f1,macro f1,accuracy
0.5,1.0,0.6666666666666666,12,0.6666666666666666,0.3333333333333333,0.5
0.0,0.0,0.0,12,0.0,0.3333333333333333,0.5
0.45454545454545453,0.4166666666666667,0.43478260869565216,12,0.43478260869565216,0.45739130434782604,0.4583333333333333
0.46153846153846156,0.5,0.48,12,0.48,0.45739130434782604,0.4583333333333333
0.375,0.25,0.3,12,0.3,0.4,0.4166666666666667
0.4375,0.5833333333333334,0.5,12,0.5,0.4,0.4166666666666667
