precision,recall,fscore,support,f1,macro f1,accuracy
0.6,1.0,0.75,12,0.75,0.625,0.6666666666666666
1.0,0.3333333333333333,0.5,12,0.5,0.625,0.6666666666666666
0.5454545454545454,1.0,0.7058823529411765,12,0.7058823529411765,0.4957983193277311,0.5833333333333334
1.0,0.16666666666666666,0.2857142857142857,12,0.2857142857142857,0.4957983193277311,0.5833333333333334
0.7058823529411765,1.0,0.8275862068965517,12,0.8275862068965517,0.7822141560798548,0.7916666666666666
1.0,0.5833333333333334,0.7368421052631579,12,0.7368421052631579,0.7822141560798548,0.7916666666666666
