precision,recall,fscore,support,f1,macro f1,accuracy
0.6522522522522523,0.8872549019607843,0.7518172377985463,816,0.7518172377985463,0.697283805745312,0.7071078431372549
0.8237547892720306,0.5269607843137255,0.6427503736920778,816,0.6427503736920778,0.697283805745312,0.7071078431372549
0.8791208791208791,0.6862745098039216,0.7708189951823813,816,0.7708189951823813,0.7934713418761161,0.7959558823529411
0.742713567839196,0.9056372549019608,0.816123688569851,816,0.816123688569851,0.7934713418761161,0.7959558823529411
0.7555040556199305,0.7990196078431373,0.7766527695056581,816,0.7766527695056581,0.7700298547843748,0.7702205882352942
0.7867360208062418,0.741421568627451,0.7634069400630915,816,0.7634069400630915,0.7700298547843748,0.7702205882352942
