precision,recall,fscore,support,f1,macro f1,accuracy
0.5069708491761724,0.9803921568627451,0.6683375104427736,816,0.6683375104427736,0.377846916140927,0.5134803921568627
0.7037037037037037,0.04656862745098039,0.08735632183908046,816,0.08735632183908046,0.377846916140927,0.5134803921568627
0.5,1.0,0.6666666666666666,816,0.6666666666666666,0.3333333333333333,0.5
0.0,0.0,0.0,816,0.0,0.3333333333333333,0.5
0.5006150061500615,0.9975490196078431,0.6666666666666666,816,0.6666666666666666,0.3381995133819951,0.5012254901960784
0.6666666666666666,0.004901960784313725,0.009732360097323601,816,0.009732360097323601,0.3381995133819951,0.5012254901960784
