precision,recall,fscore,support,f1,macro f1,accuracy
0.5012391573729864,0.991421568627451,0.665843621399177,816,0.665843621399177,0.34611125914083546,0.5024509803921569
0.6111111111111112,0.013480392156862746,0.026378896882494004,816,0.026378896882494004,0.34611125914083546,0.5024509803921569
0.5958747135217723,0.9558823529411765,0.7341176470588235,816,0.7341176470588235,0.6190342405618965,0.6537990196078431
0.8885448916408669,0.35171568627450983,0.5039508340649693,816,0.5039508340649693,0.6190342405618965,0.6537990196078431
0.5723029839326702,0.9166666666666666,0.7046632124352331,816,0.7046632124352331,0.5775726228696761,0.6158088235294118
0.7907692307692308,0.31495098039215685,0.4504820333041192,816,0.4504820333041192,0.5775726228696761,0.6158088235294118
