precision,recall,fscore,support,f1,macro f1,accuracy
1.0,0.004901960784313725,0.00975609756097561,816,0.00975609756097561,0.33875693585086425,0.5024509803921569
0.5012285012285013,1.0,0.6677577741407529,816,0.6677577741407529,0.33875693585086425,0.5024509803921569
0.0,0.0,0.0,816,0.0,0.3333333333333333,0.5
0.5,1.0,0.6666666666666666,816,0.6666666666666666,0.3333333333333333,0.5
1.0,0.0024509803921568627,0.004889975550122249,816,0.004889975550122249,0.33605087493777575,0.5012254901960784
0.5006134969325153,1.0,0.6672117743254292,816,0.6672117743254292,0.33605087493777575,0.5012254901960784
