precision,recall,fscore,support,f1,macro f1,accuracy
0.8992537313432836,0.8860294117647058,0.8925925925925926,816,0.8925925925925926,0.8935202133188711,0.8921568627450981
0.8906439854191981,0.8982843137254902,0.8944478340451495,816,0.8944478340451495,0.8935202133188711,0.8921568627450981
0.8509389671361502,0.8884803921568627,0.8693045563549161,816,0.8693045563549161,0.8678378386587753,0.8633578431372549
0.8964613368283093,0.8382352941176471,0.8663711209626346,816,0.8663711209626346,0.8678378386587753,0.8633578431372549
0.8848484848484849,0.8946078431372549,0.8897014015843998,816,0.8897014015843998,0.8843973002884216,0.875
0.9041450777202072,0.8553921568627451,0.8790931989924433,816,0.8790931989924433,0.8843973002884216,0.875
