precision,recall,fscore,support,f1,macro f1,accuracy
0.8161057692307693,0.8321078431372549,0.8240291262135923,816,0.8240291262135923,0.823853354038786,0.8167892156862745
0.8471502590673575,0.8014705882352942,0.8236775818639799,816,0.8236775818639799,0.823853354038786,0.8167892156862745
0.6771130104463438,0.8737745098039216,0.7629748528624933,816,0.7629748528624933,0.7111170560608763,0.7095588235294118
0.8333333333333334,0.5453431372549019,0.6592592592592592,816,0.6592592592592592,0.7111170560608763,0.7095588235294118
0.6348178137651822,0.9607843137254902,0.764505119453925,816,0.764505119453925,0.6834973730049707,0.7028186274509803
0.9331619537275064,0.44485294117647056,0.6024896265560166,816,0.6024896265560166,0.6834973730049707,0.7028186274509803
