precision,recall,fscore,support,f1,macro f1,accuracy
0.9369369369369369,0.38235294117647056,0.5430809399477807,816,0.5430809399477807,0.2859635468969673,0.19852941176470587
0.75,0.014705882352941176,0.028846153846153848,816,0.028846153846153848,0.2859635468969673,0.19852941176470587
0.876657824933687,0.8100490196078431,0.8420382165605096,816,0.8420382165605096,0.6340585940470133,0.5471813725490197
0.8498168498168498,0.28431372549019607,0.426078971533517,816,0.426078971533517,0.6340585940470133,0.5471813725490197
0.9082774049217002,0.49754901960784315,0.6429136975455265,816,0.6429136975455265,0.6814867888925238,0.5435049019607843
0.925,0.5894607843137255,0.7200598802395209,816,0.7200598802395209,0.6814867888925238,0.5435049019607843
