precision,recall,fscore,support,f1,macro f1,accuracy
0.5,0.9987745098039216,0.6663941128372853,816,0.6663941128372853,0.3344195503061732,0.5
0.5,0.0012254901960784314,0.0024449877750611247,816,0.0024449877750611247,0.3344195503061732,0.5
0.5152224824355972,0.5392156862745098,0.5269461077844312,816,0.5269461077844312,0.515668787894725,0.5159313725490197
0.5167095115681234,0.49264705882352944,0.5043914680050188,816,0.5043914680050188,0.515668787894725,0.5159313725490197
0.40842105263157896,0.23774509803921567,0.3005422153369481,816,0.3005422153369481,0.4214317767004051,0.44669117647058826
0.46240276577355227,0.6556372549019608,0.5423213380638622,816,0.5423213380638622,0.4214317767004051,0.44669117647058826
