precision,recall,fscore,support,f1,macro f1,accuracy
0.0,0.0,0.0,816,0.0,0.3333333333333333,0.5
0.5,1.0,0.6666666666666666,816,0.6666666666666666,0.3333333333333333,0.5
0.6029106029106029,0.7107843137254902,0.6524184476940382,816,0.6524184476940382,0.6182684432279074,0.6213235294117647
0.6477611940298508,0.5318627450980392,0.5841184387617766,816,0.5841184387617766,0.6182684432279074,0.6213235294117647
0.6277974087161367,0.6531862745098039,0.6402402402402403,816,0.6402402402402403,0.6328155547667743,0.6329656862745098
0.6385696040868455,0.6127450980392157,0.6253908692933083,816,0.6253908692933083,0.6328155547667743,0.6329656862745098
