precision,recall,fscore,support,f1,macro f1,accuracy
0.5773420479302832,0.9742647058823529,0.7250341997264022,816,0.7250341997264022,0.5804778108080093,0.6299019607843137
0.9209486166007905,0.2855392156862745,0.43592142188961647,816,0.43592142188961647,0.5804778108080093,0.6299019607843137
0.525390625,0.9889705882352942,0.6862244897959183,816,0.6862244897959183,0.4385069817400644,0.5477941176470589
0.90625,0.10661764705882353,0.19078947368421054,816,0.19078947368421054,0.4385069817400644,0.5477941176470589
0.6386138613861386,0.9485294117647058,0.7633136094674556,816,0.7633136094674556,0.6870755239455505,0.7022058823529411
0.9253731343283582,0.45588235294117646,0.6108374384236454,816,0.6108374384236454,0.6870755239455505,0.7022058823529411
