precision,recall,fscore,support,f1,macro f1,accuracy
1.0,0.01282051282051282,0.02531645569620253,156,0.02531645569620253,0.34742217634595535,0.5064102564102564
0.5032258064516129,1.0,0.6695278969957081,156,0.6695278969957081,0.34742217634595535,0.5064102564102564
0.0,0.0,0.0,156,0.0,0.3333333333333333,0.5
0.5,1.0,0.6666666666666666,156,0.6666666666666666,0.3333333333333333,0.5
0.0,0.0,0.0,156,0.0,0.3333333333333333,0.5
0.5,1.0,0.6666666666666666,156,0.6666666666666666,0.3333333333333333,0.5
