precision,recall,fscore,support,f1,macro f1,accuracy
0.4966442953020134,0.9487179487179487,0.6519823788546255,156,0.6519823788546255,0.36128530707437156,0.4935897435897436
0.42857142857142855,0.038461538461538464,0.07058823529411765,156,0.07058823529411765,0.36128530707437156,0.4935897435897436
0.5,1.0,0.6666666666666666,156,0.6666666666666666,0.3333333333333333,0.5
0.0,0.0,0.0,156,0.0,0.3333333333333333,0.5
0.5048543689320388,1.0,0.6709677419354839,156,0.6709677419354839,0.35435179549604384,0.5096153846153846
1.0,0.019230769230769232,0.03773584905660377,156,0.03773584905660377,0.35435179549604384,0.5096153846153846
