precision,recall,fscore,support,f1,macro f1,accuracy
0.6910994764397905,0.8461538461538461,0.760806916426513,156,0.760806916426513,0.7305839636284189,0.7339743589743589
0.8016528925619835,0.6217948717948718,0.7003610108303249,156,0.7003610108303249,0.7305839636284189,0.7339743589743589
0.889763779527559,0.7243589743589743,0.7985865724381626,156,0.7985865724381626,0.8157155736091106,0.8173076923076923
0.7675675675675676,0.9102564102564102,0.8328445747800587,156,0.8328445747800587,0.8157155736091106,0.8173076923076923
0.759493670886076,0.7692307692307693,0.7643312101910829,156,0.7643312101910829,0.762810766385864,0.7628205128205128
0.7662337662337663,0.7564102564102564,0.7612903225806451,156,0.7612903225806451,0.762810766385864,0.7628205128205128
