precision,recall,fscore,support,f1,macro f1,accuracy
0.5016077170418006,1.0,0.6680942184154176,156,0.6680942184154176,0.34041653595930116,0.5032051282051282
1.0,0.00641025641025641,0.012738853503184714,156,0.012738853503184714,0.34041653595930116,0.5032051282051282
0.6127659574468085,0.9230769230769231,0.7365728900255755,156,0.7365728900255755,0.6472564020943328,0.6698717948717948
0.8441558441558441,0.4166666666666667,0.5579399141630901,156,0.5579399141630901,0.6472564020943328,0.6698717948717948
0.5949367088607594,0.9038461538461539,0.7175572519083969,156,0.7175572519083969,0.6185188856944581,0.6442307692307693
0.8,0.38461538461538464,0.5194805194805194,156,0.5194805194805194,0.6185188856944581,0.6442307692307693
