precision,recall,fscore,support,f1,macro f1,accuracy
0.9432624113475178,0.8525641025641025,0.8956228956228957,156,0.8956228956228957,0.9017991778727975,0.9006410256410257
0.8705882352941177,0.9487179487179487,0.9079754601226994,156,0.9079754601226994,0.9017991778727975,0.9006410256410257
0.8291139240506329,0.8397435897435898,0.8343949044585988,156,0.8343949044585988,0.8346731803846392,0.8333333333333334
0.8431372549019608,0.8269230769230769,0.8349514563106796,156,0.8349514563106796,0.8346731803846392,0.8333333333333334
0.8993288590604027,0.8589743589743589,0.8786885245901639,156,0.8786885245901639,0.8738490546273503,0.8653846153846154
0.8662420382165605,0.8717948717948718,0.8690095846645367,156,0.8690095846645367,0.8738490546273503,0.8653846153846154
