precision,recall,fscore,support,f1,macro f1,accuracy
0.9583333333333334,0.4423076923076923,0.6052631578947368,156,0.6052631578947368,0.31490151759767515,0.22756410256410256
0.2857142857142857,0.01282051282051282,0.024539877300613498,156,0.024539877300613498,0.31490151759767515,0.22756410256410256
0.8540145985401459,0.75,0.7986348122866894,156,0.7986348122866894,0.5944393573628569,0.5032051282051282
0.8163265306122449,0.2564102564102564,0.3902439024390244,156,0.3902439024390244,0.5944393573628569,0.5032051282051282
0.9157894736842105,0.5576923076923077,0.6932270916334662,156,0.6932270916334662,0.6975569420431482,0.5769230769230769
0.8532110091743119,0.5961538461538461,0.7018867924528301,156,0.7018867924528301,0.6975569420431482,0.5769230769230769
