precision,recall,fscore,support,f1,macro f1,accuracy
0.8493150684931506,0.7948717948717948,0.8211920529801324,156,0.8211920529801324,0.8319796742888084,0.8269230769230769
0.8271604938271605,0.8589743589743589,0.8427672955974843,156,0.8427672955974843,0.8319796742888084,0.8269230769230769
0.6898395721925134,0.8269230769230769,0.7521865889212828,156,0.7521865889212828,0.7180050591665237,0.7115384615384616
0.8017241379310345,0.5961538461538461,0.6838235294117647,156,0.6838235294117647,0.7180050591665237,0.7115384615384616
0.6299559471365639,0.9166666666666666,0.7467362924281984,156,0.7467362924281984,0.6704392759212121,0.6858974358974359
0.8554216867469879,0.4551282051282051,0.5941422594142259,156,0.5941422594142259,0.6704392759212121,0.6858974358974359
