precision,recall,fscore,support,f1,macro f1,accuracy
0.4983922829581994,0.9935897435897436,0.6638115631691649,156,0.6638115631691649,0.33190578158458245,0.4967948717948718
0.0,0.0,0.0,156,0.0,0.33190578158458245,0.4967948717948718
0.5243243243243243,0.6217948717948718,0.5689149560117303,156,0.5689149560117303,0.5247401635182326,0.5288461538461539
0.5354330708661418,0.4358974358974359,0.48056537102473496,156,0.48056537102473496,0.5247401635182326,0.5288461538461539
0.42391304347826086,0.25,0.31451612903225806,156,0.31451612903225806,0.43119423472889495,0.4551282051282051
0.4681818181818182,0.6602564102564102,0.5478723404255319,156,0.5478723404255319,0.43119423472889495,0.4551282051282051
