precision,recall,fscore,support,f1,macro f1,accuracy
0.0,0.0,0.0,156,0.0,0.3333333333333333,0.5
0.5,1.0,0.6666666666666666,156,0.6666666666666666,0.3333333333333333,0.5
0.6144578313253012,0.6538461538461539,0.6335403726708074,156,0.6335403726708074,0.6214059479248077,0.6217948717948718
0.6301369863013698,0.5897435897435898,0.609271523178808,156,0.609271523178808,0.6214059479248077,0.6217948717948718
0.6486486486486487,0.6153846153846154,0.631578947368421,156,0.631578947368421,0.6407894736842106,0.6410256410256411
0.6341463414634146,0.6666666666666666,0.65,156,0.65,0.6407894736842106,0.6410256410256411
