precision,recall,fscore,support,f1,macro f1,accuracy
0.59765625,0.9807692307692307,0.7427184466019418,156,0.7427184466019418,0.6213592233009708,0.6602564102564102
0.9464285714285714,0.33974358974358976,0.5,156,0.5,0.6213592233009708,0.6602564102564102
0.5218855218855218,0.9935897435897436,0.6843267108167771,156,0.6843267108167771,0.4240347004376283,0.5416666666666666
0.9333333333333333,0.08974358974358974,0.16374269005847952,156,0.16374269005847952,0.4240347004376283,0.5416666666666666
0.6468085106382979,0.9743589743589743,0.7774936061381074,156,0.7774936061381074,0.6990916306552606,0.717948717948718
0.9473684210526315,0.46153846153846156,0.6206896551724138,156,0.6206896551724138,0.6990916306552606,0.717948717948718
