precision,recall,fscore,support,f1,macro f1,accuracy
0.5208333333333334,1.0,0.684931506849315,25,0.684931506849315,0.4165398274987316,0.54
1.0,0.08,0.14814814814814814,25,0.14814814814814814,0.4165398274987316,0.54
0.7575757575757576,1.0,0.8620689655172413,25,0.8620689655172413,0.8357963875205254,0.84
1.0,0.68,0.8095238095238095,25,0.8095238095238095,0.8357963875205254,0.84
0.6756756756756757,1.0,0.8064516129032258,25,0.8064516129032258,0.7453310696095077,0.76
1.0,0.52,0.6842105263157895,25,0.6842105263157895,0.7453310696095077,0.76
