precision,recall,fscore,support,f1,macro f1,accuracy
0.7407407407407407,0.8,0.7692307692307693,25,0.7692307692307693,0.7596153846153846,0.76
0.782608695652174,0.72,0.75,25,0.75,0.7596153846153846,0.76
0.9130434782608695,0.84,0.875,25,0.875,0.8798076923076923,0.88
0.8518518518518519,0.92,0.8846153846153846,25,0.8846153846153846,0.8798076923076923,0.88
0.8148148148148148,0.88,0.8461538461538461,25,0.8461538461538461,0.8397435897435898,0.84
0.8695652173913043,0.8,0.8333333333333334,25,0.8333333333333334,0.8397435897435898,0.84
