precision,recall,fscore,support,f1,macro f1,accuracy
0.9090909090909091,0.8,0.851063829787234,25,0.851063829787234,0.8678396072013093,0.86
0.8518518518518519,0.92,0.8846153846153846,25,0.8846153846153846,0.8678396072013093,0.86
0.7931034482758621,0.92,0.8518518518518519,25,0.8518518518518519,0.8481481481481481,0.84
0.95,0.76,0.8444444444444444,25,0.8444444444444444,0.8481481481481481,0.84
0.6756756756756757,1.0,0.8064516129032258,25,0.8064516129032258,0.7453310696095077,0.76
1.0,0.52,0.6842105263157895,25,0.6842105263157895,0.7453310696095077,0.76
