precision,recall,fscore,support,f1,macro f1,accuracy
0.96,0.96,0.96,25,0.96,0.96,0.96
0.96,0.96,0.96,25,0.96,0.96,0.96
0.8888888888888888,0.96,0.9230769230769231,25,0.9230769230769231,0.9198717948717949,0.92
0.9565217391304348,0.88,0.9166666666666666,25,0.9166666666666666,0.9198717948717949,0.92
0.9615384615384616,1.0,0.9803921568627451,25,0.9803921568627451,0.9582811848143513,0.94
1.0,0.88,0.9361702127659575,25,0.9361702127659575,0.9582811848143513,0.94
