precision,recall,fscore,support,f1,macro f1,accuracy
1.0,0.64,0.7804878048780488,25,0.7804878048780488,0.3902439024390244,0.32
0.0,0.0,0.0,25,0.0,0.3902439024390244,0.32
1.0,0.92,0.9583333333333334,25,0.9583333333333334,0.7438725490196079,0.64
1.0,0.36,0.5294117647058824,25,0.5294117647058824,0.7438725490196079,0.64
1.0,0.68,0.8095238095238095,25,0.8095238095238095,0.8365800865800865,0.72
1.0,0.76,0.8636363636363636,25,0.8636363636363636,0.8365800865800865,0.72
