precision,recall,fscore,support,f1,macro f1,accuracy
0.0,0.0,0.0,25,0.0,0.3333333333333333,0.5
0.5,1.0,0.6666666666666666,25,0.6666666666666666,0.3333333333333333,0.5
0.8260869565217391,0.76,0.7916666666666666,25,0.7916666666666666,0.7996794871794872,0.8
0.7777777777777778,0.84,0.8076923076923077,25,0.8076923076923077,0.7996794871794872,0.8
0.64,0.64,0.64,25,0.64,0.64,0.64
0.64,0.64,0.64,25,0.64,0.64,0.64
