precision,recall,fscore,support,f1,macro f1,accuracy
0.5,1.0,0.6666666666666666,25,0.6666666666666666,0.3333333333333333,0.5
0.0,0.0,0.0,25,0.0,0.3333333333333333,0.5
0.5151515151515151,0.68,0.5862068965517241,25,0.5862068965517241,0.5073891625615763,0.52
0.5294117647058824,0.36,0.42857142857142855,25,0.42857142857142855,0.5073891625615763,0.52
0.3333333333333333,0.16,0.21621621621621623,25,0.21621621621621623,0.37794937794937794,0.42
0.4473684210526316,0.68,0.5396825396825397,25,0.5396825396825397,0.37794937794937794,0.42
