precision,recall,fscore,support,f1,macro f1,accuracy
0.6578947368421053,1.0,0.7936507936507936,25,0.7936507936507936,0.7211497211497211,0.74
1.0,0.48,0.6486486486486487,25,0.6486486486486487,0.7211497211497211,0.74
0.5555555555555556,1.0,0.7142857142857143,25,0.7142857142857143,0.5238095238095238,0.6
1.0,0.2,0.3333333333333333,25,0.3333333333333333,0.5238095238095238,0.6
0.7575757575757576,1.0,0.8620689655172413,25,0.8620689655172413,0.8357963875205254,0.84
1.0,0.68,0.8095238095238095,25,0.8095238095238095,0.8357963875205254,0.84
