precision,recall,fscore,support,f1,macro f1,accuracy
0.5714285714285714,1.0,0.7272727272727273,12,0.7272727272727273,0.5636363636363637,0.625
1.0,0.25,0.4,12,0.4,0.5636363636363637,0.625
