precision,recall,fscore,support,f1,macro f1,accuracy
0.9,0.75,0.8181818181818182,12,0.8181818181818182,0.8321678321678322,0.8333333333333334
0.7857142857142857,0.9166666666666666,0.8461538461538461,12,0.8461538461538461,0.8321678321678322,0.8333333333333334
