precision,recall,fscore,support,f1,macro f1,accuracy
0.631578947368421,1.0,0.7741935483870968,12,0.7741935483870968,0.6812144212523719,0.7083333333333334
1.0,0.4166666666666667,0.5882352941176471,12,0.5882352941176471,0.6812144212523719,0.7083333333333334
