precision,recall,fscore,support,f1,macro f1,accuracy
0.6875,0.9166666666666666,0.7857142857142857,12,0.7857142857142857,0.7428571428571429,0.75
0.875,0.5833333333333334,0.7,12,0.7,0.7428571428571429,0.75
