precision,recall,fscore,support,f1,macro f1,accuracy
0.5217391304347826,1.0,0.6857142857142857,12,0.6857142857142857,0.4197802197802198,0.5416666666666666
1.0,0.08333333333333333,0.15384615384615385,12,0.15384615384615385,0.4197802197802198,0.5416666666666666
