precision,recall,fscore,support,f1,macro f1,accuracy
0.8333333333333334,0.8333333333333334,0.8333333333333334,12,0.8333333333333334,0.8333333333333334,0.8333333333333334
0.8333333333333334,0.8333333333333334,0.8333333333333334,12,0.8333333333333334,0.8333333333333334,0.8333333333333334
