precision,recall,fscore,support,f1,macro f1,accuracy
1.0,0.6666666666666666,0.8,12,0.8,0.8347826086956522,0.75
0.9090909090909091,0.8333333333333334,0.8695652173913043,12,0.8695652173913043,0.8347826086956522,0.75
