precision,recall,fscore,support,f1,macro f1,accuracy
0.7142857142857143,0.8333333333333334,0.7692307692307693,12,0.7692307692307693,0.7482517482517483,0.75
0.8,0.6666666666666666,0.7272727272727273,12,0.7272727272727273,0.7482517482517483,0.75
