precision,recall,fscore,support,f1,macro f1,accuracy
0.9,0.75,0.8181818181818182,12,0.8181818181818182,0.6590909090909092,0.5416666666666666
1.0,0.3333333333333333,0.5,12,0.5,0.6590909090909092,0.5416666666666666
