precision,recall,fscore,support,f1,macro f1,accuracy
0.75,1.0,0.8571428571428571,12,0.8571428571428571,0.7969924812030075,0.7916666666666666
1.0,0.5833333333333334,0.7368421052631579,12,0.7368421052631579,0.7969924812030075,0.7916666666666666
