precision,recall,fscore,support,f1,macro f1,accuracy
0.375,0.25,0.3,12,0.3,0.4,0.4166666666666667
0.4375,0.5833333333333334,0.5,12,0.5,0.4,0.4166666666666667
