precision,recall,fscore,support,f1,macro f1,accuracy
0.7058823529411765,1.0,0.8275862068965517,12,0.8275862068965517,0.7822141560798548,0.7916666666666666
1.0,0.5833333333333334,0.7368421052631579,12,0.7368421052631579,0.7822141560798548,0.7916666666666666
