precision,recall,fscore,support,f1,macro f1,accuracy
0.6,1.0,0.75,12,0.75,0.625,0.6666666666666666
1.0,0.3333333333333333,0.5,12,0.5,0.625,0.6666666666666666
