precision,recall,fscore,support,f1,macro f1,accuracy
0.5454545454545454,1.0,0.7058823529411765,12,0.7058823529411765,0.4957983193277311,0.5833333333333334
1.0,0.16666666666666666,0.2857142857142857,12,0.2857142857142857,0.4957983193277311,0.5833333333333334
