precision,recall,fscore,support,f1,macro f1,accuracy
0.8791208791208791,0.6862745098039216,0.7708189951823813,816,0.7708189951823813,0.7934713418761161,0.7959558823529411
0.742713567839196,0.9056372549019608,0.816123688569851,816,0.816123688569851,0.7934713418761161,0.7959558823529411
