precision,recall,fscore,support,f1,macro f1,accuracy
1.0,0.004901960784313725,0.00975609756097561,816,0.00975609756097561,0.33875693585086425,0.5024509803921569
0.5012285012285013,1.0,0.6677577741407529,816,0.6677577741407529,0.33875693585086425,0.5024509803921569
