precision,recall,fscore,support,f1,macro f1,accuracy
0.5723029839326702,0.9166666666666666,0.7046632124352331,816,0.7046632124352331,0.5775726228696761,0.6158088235294118
0.7907692307692308,0.31495098039215685,0.4504820333041192,816,0.4504820333041192,0.5775726228696761,0.6158088235294118
