precision,recall,fscore,support,f1,macro f1,accuracy
0.5006150061500615,0.9975490196078431,0.6666666666666666,816,0.6666666666666666,0.3381995133819951,0.5012254901960784
0.6666666666666666,0.004901960784313725,0.009732360097323601,816,0.009732360097323601,0.3381995133819951,0.5012254901960784
