precision,recall,fscore,support,f1,macro f1,accuracy
0.5012391573729864,0.991421568627451,0.665843621399177,816,0.665843621399177,0.34611125914083546,0.5024509803921569
0.6111111111111112,0.013480392156862746,0.026378896882494004,816,0.026378896882494004,0.34611125914083546,0.5024509803921569
