precision,recall,fscore,support,f1,macro f1,accuracy
0.6522522522522523,0.8872549019607843,0.7518172377985463,816,0.7518172377985463,0.697283805745312,0.7071078431372549
0.8237547892720306,0.5269607843137255,0.6427503736920778,816,0.6427503736920778,0.697283805745312,0.7071078431372549
