precision,recall,fscore,support,f1,macro f1,accuracy
0.7555040556199305,0.7990196078431373,0.7766527695056581,816,0.7766527695056581,0.7700298547843748,0.7702205882352942
0.7867360208062418,0.741421568627451,0.7634069400630915,816,0.7634069400630915,0.7700298547843748,0.7702205882352942
