precision,recall,fscore,support,f1,macro f1,accuracy
1.0,0.0024509803921568627,0.004889975550122249,816,0.004889975550122249,0.33605087493777575,0.5012254901960784
0.5006134969325153,1.0,0.6672117743254292,816,0.6672117743254292,0.33605087493777575,0.5012254901960784
