precision,recall,fscore,support,f1,macro f1,accuracy
0.5958747135217723,0.9558823529411765,0.7341176470588235,816,0.7341176470588235,0.6190342405618965,0.6537990196078431
0.8885448916408669,0.35171568627450983,0.5039508340649693,816,0.5039508340649693,0.6190342405618965,0.6537990196078431
