precision,recall,fscore,support,f1,macro f1,accuracy
0.5069708491761724,0.9803921568627451,0.6683375104427736,816,0.6683375104427736,0.377846916140927,0.5134803921568627
0.7037037037037037,0.04656862745098039,0.08735632183908046,816,0.08735632183908046,0.377846916140927,0.5134803921568627
