precision,recall,fscore,support,f1,macro f1,accuracy
0.6771130104463438,0.8737745098039216,0.7629748528624933,816,0.7629748528624933,0.7111170560608763,0.7095588235294118
0.8333333333333334,0.5453431372549019,0.6592592592592592,816,0.6592592592592592,0.7111170560608763,0.7095588235294118
