precision,recall,fscore,support,f1,macro f1,accuracy
0.9369369369369369,0.38235294117647056,0.5430809399477807,816,0.5430809399477807,0.2859635468969673,0.19852941176470587
0.75,0.014705882352941176,0.028846153846153848,816,0.028846153846153848,0.2859635468969673,0.19852941176470587
