precision,recall,fscore,support,f1,macro f1,accuracy
0.876657824933687,0.8100490196078431,0.8420382165605096,816,0.8420382165605096,0.6340585940470133,0.5471813725490197
0.8498168498168498,0.28431372549019607,0.426078971533517,816,0.426078971533517,0.6340585940470133,0.5471813725490197
