precision,recall,fscore,support,f1,macro f1,accuracy
0.6348178137651822,0.9607843137254902,0.764505119453925,816,0.764505119453925,0.6834973730049707,0.7028186274509803
0.9331619537275064,0.44485294117647056,0.6024896265560166,816,0.6024896265560166,0.6834973730049707,0.7028186274509803
