precision,recall,fscore,support,f1,macro f1,accuracy
0.8161057692307693,0.8321078431372549,0.8240291262135923,816,0.8240291262135923,0.823853354038786,0.8167892156862745
0.8471502590673575,0.8014705882352942,0.8236775818639799,816,0.8236775818639799,0.823853354038786,0.8167892156862745
