precision,recall,fscore,support,f1,macro f1,accuracy
0.9082774049217002,0.49754901960784315,0.6429136975455265,816,0.6429136975455265,0.6814867888925238,0.5435049019607843
0.925,0.5894607843137255,0.7200598802395209,816,0.7200598802395209,0.6814867888925238,0.5435049019607843
