precision,recall,fscore,support,f1,macro f1,accuracy
0.5,0.9987745098039216,0.6663941128372853,816,0.6663941128372853,0.3344195503061732,0.5
0.5,0.0012254901960784314,0.0024449877750611247,816,0.0024449877750611247,0.3344195503061732,0.5
