precision,recall,fscore,support,f1,macro f1,accuracy
0.6029106029106029,0.7107843137254902,0.6524184476940382,816,0.6524184476940382,0.6182684432279074,0.6213235294117647
0.6477611940298508,0.5318627450980392,0.5841184387617766,816,0.5841184387617766,0.6182684432279074,0.6213235294117647
