precision,recall,fscore,support,f1,macro f1,accuracy
0.5152224824355972,0.5392156862745098,0.5269461077844312,816,0.5269461077844312,0.515668787894725,0.5159313725490197
0.5167095115681234,0.49264705882352944,0.5043914680050188,816,0.5043914680050188,0.515668787894725,0.5159313725490197
