precision,recall,fscore,support,f1,macro f1,accuracy
0.40842105263157896,0.23774509803921567,0.3005422153369481,816,0.3005422153369481,0.4214317767004051,0.44669117647058826
0.46240276577355227,0.6556372549019608,0.5423213380638622,816,0.5423213380638622,0.4214317767004051,0.44669117647058826
