precision,recall,fscore,support,f1,macro f1,accuracy
0.6277974087161367,0.6531862745098039,0.6402402402402403,816,0.6402402402402403,0.6328155547667743,0.6329656862745098
0.6385696040868455,0.6127450980392157,0.6253908692933083,816,0.6253908692933083,0.6328155547667743,0.6329656862745098
