precision,recall,fscore,support,f1,macro f1,accuracy
0.525390625,0.9889705882352942,0.6862244897959183,816,0.6862244897959183,0.4385069817400644,0.5477941176470589
0.90625,0.10661764705882353,0.19078947368421054,816,0.19078947368421054,0.4385069817400644,0.5477941176470589
