precision,recall,fscore,support,f1,macro f1,accuracy
0.6386138613861386,0.9485294117647058,0.7633136094674556,816,0.7633136094674556,0.6870755239455505,0.7022058823529411
0.9253731343283582,0.45588235294117646,0.6108374384236454,816,0.6108374384236454,0.6870755239455505,0.7022058823529411
