precision,recall,fscore,support,f1,macro f1,accuracy
0.5773420479302832,0.9742647058823529,0.7250341997264022,816,0.7250341997264022,0.5804778108080093,0.6299019607843137
0.9209486166007905,0.2855392156862745,0.43592142188961647,816,0.43592142188961647,0.5804778108080093,0.6299019607843137
