precision,recall,fscore,support,f1,macro f1,accuracy
0.6127659574468085,0.9230769230769231,0.7365728900255755,156,0.7365728900255755,0.6472564020943328,0.6698717948717948
0.8441558441558441,0.4166666666666667,0.5579399141630901,156,0.5579399141630901,0.6472564020943328,0.6698717948717948
