precision,recall,fscore,support,f1,macro f1,accuracy
0.4966442953020134,0.9487179487179487,0.6519823788546255,156,0.6519823788546255,0.36128530707437156,0.4935897435897436
0.42857142857142855,0.038461538461538464,0.07058823529411765,156,0.07058823529411765,0.36128530707437156,0.4935897435897436
