precision,recall,fscore,support,f1,macro f1,accuracy
0.759493670886076,0.7692307692307693,0.7643312101910829,156,0.7643312101910829,0.762810766385864,0.7628205128205128
0.7662337662337663,0.7564102564102564,0.7612903225806451,156,0.7612903225806451,0.762810766385864,0.7628205128205128
