precision,recall,fscore,support,f1,macro f1,accuracy
0.889763779527559,0.7243589743589743,0.7985865724381626,156,0.7985865724381626,0.8157155736091106,0.8173076923076923
0.7675675675675676,0.9102564102564102,0.8328445747800587,156,0.8328445747800587,0.8157155736091106,0.8173076923076923
