precision,recall,fscore,support,f1,macro f1,accuracy
0.5048543689320388,1.0,0.6709677419354839,156,0.6709677419354839,0.35435179549604384,0.5096153846153846
1.0,0.019230769230769232,0.03773584905660377,156,0.03773584905660377,0.35435179549604384,0.5096153846153846
