precision,recall,fscore,support,f1,macro f1,accuracy
0.5949367088607594,0.9038461538461539,0.7175572519083969,156,0.7175572519083969,0.6185188856944581,0.6442307692307693
0.8,0.38461538461538464,0.5194805194805194,156,0.5194805194805194,0.6185188856944581,0.6442307692307693
