precision,recall,fscore,support,f1,macro f1,accuracy
0.5016077170418006,1.0,0.6680942184154176,156,0.6680942184154176,0.34041653595930116,0.5032051282051282
1.0,0.00641025641025641,0.012738853503184714,156,0.012738853503184714,0.34041653595930116,0.5032051282051282
