precision,recall,fscore,support,f1,macro f1,accuracy
0.6910994764397905,0.8461538461538461,0.760806916426513,156,0.760806916426513,0.7305839636284189,0.7339743589743589
0.8016528925619835,0.6217948717948718,0.7003610108303249,156,0.7003610108303249,0.7305839636284189,0.7339743589743589
