precision,recall,fscore,support,f1,macro f1,accuracy
0.8540145985401459,0.75,0.7986348122866894,156,0.7986348122866894,0.5944393573628569,0.5032051282051282
0.8163265306122449,0.2564102564102564,0.3902439024390244,156,0.3902439024390244,0.5944393573628569,0.5032051282051282
