precision,recall,fscore,support,f1,macro f1,accuracy
0.9583333333333334,0.4423076923076923,0.6052631578947368,156,0.6052631578947368,0.31490151759767515,0.22756410256410256
0.2857142857142857,0.01282051282051282,0.024539877300613498,156,0.024539877300613498,0.31490151759767515,0.22756410256410256
