precision,recall,fscore,support,f1,macro f1,accuracy
0.8493150684931506,0.7948717948717948,0.8211920529801324,156,0.8211920529801324,0.8319796742888084,0.8269230769230769
0.8271604938271605,0.8589743589743589,0.8427672955974843,156,0.8427672955974843,0.8319796742888084,0.8269230769230769
