precision,recall,fscore,support,f1,macro f1,accuracy
0.6898395721925134,0.8269230769230769,0.7521865889212828,156,0.7521865889212828,0.7180050591665237,0.7115384615384616
0.8017241379310345,0.5961538461538461,0.6838235294117647,156,0.6838235294117647,0.7180050591665237,0.7115384615384616
