precision,recall,fscore,support,f1,macro f1,accuracy
0.6299559471365639,0.9166666666666666,0.7467362924281984,156,0.7467362924281984,0.6704392759212121,0.6858974358974359
0.8554216867469879,0.4551282051282051,0.5941422594142259,156,0.5941422594142259,0.6704392759212121,0.6858974358974359
