precision,recall,fscore,support,f1,macro f1,accuracy
0.9157894736842105,0.5576923076923077,0.6932270916334662,156,0.6932270916334662,0.6975569420431482,0.5769230769230769
0.8532110091743119,0.5961538461538461,0.7018867924528301,156,0.7018867924528301,0.6975569420431482,0.5769230769230769
