precision,recall,fscore,support,f1,macro f1,accuracy
0.6144578313253012,0.6538461538461539,0.6335403726708074,156,0.6335403726708074,0.6214059479248077,0.6217948717948718
0.6301369863013698,0.5897435897435898,0.609271523178808,156,0.609271523178808,0.6214059479248077,0.6217948717948718
