precision,recall,fscore,support,f1,macro f1,accuracy
0.4983922829581994,0.9935897435897436,0.6638115631691649,156,0.6638115631691649,0.33190578158458245,0.4967948717948718
0.0,0.0,0.0,156,0.0,0.33190578158458245,0.4967948717948718
