precision,recall,fscore,support,f1,macro f1,accuracy
0.5243243243243243,0.6217948717948718,0.5689149560117303,156,0.5689149560117303,0.5247401635182326,0.5288461538461539
0.5354330708661418,0.4358974358974359,0.48056537102473496,156,0.48056537102473496,0.5247401635182326,0.5288461538461539
