precision,recall,fscore,support,f1,macro f1,accuracy
0.0,0.0,0.0,156,0.0,0.3333333333333333,0.5
0.5,1.0,0.6666666666666666,156,0.6666666666666666,0.3333333333333333,0.5
