precision,recall,fscore,support,f1,macro f1,accuracy
0.6486486486486487,0.6153846153846154,0.631578947368421,156,0.631578947368421,0.6407894736842106,0.6410256410256411
0.6341463414634146,0.6666666666666666,0.65,156,0.65,0.6407894736842106,0.6410256410256411
