precision,recall,fscore,support,f1,macro f1,accuracy
0.42391304347826086,0.25,0.31451612903225806,156,0.31451612903225806,0.43119423472889495,0.4551282051282051
0.4681818181818182,0.6602564102564102,0.5478723404255319,156,0.5478723404255319,0.43119423472889495,0.4551282051282051
