precision,recall,fscore,support,f1,macro f1,accuracy
0.59765625,0.9807692307692307,0.7427184466019418,156,0.7427184466019418,0.6213592233009708,0.6602564102564102
0.9464285714285714,0.33974358974358976,0.5,156,0.5,0.6213592233009708,0.6602564102564102
