precision,recall,fscore,support,f1,macro f1,accuracy
0.6468085106382979,0.9743589743589743,0.7774936061381074,156,0.7774936061381074,0.6990916306552606,0.717948717948718
0.9473684210526315,0.46153846153846156,0.6206896551724138,156,0.6206896551724138,0.6990916306552606,0.717948717948718
