precision,recall,fscore,support,f1,macro f1,accuracy
0.5218855218855218,0.9935897435897436,0.6843267108167771,156,0.6843267108167771,0.4240347004376283,0.5416666666666666
0.9333333333333333,0.08974358974358974,0.16374269005847952,156,0.16374269005847952,0.4240347004376283,0.5416666666666666
