precision,recall,fscore,support,f1,macro f1,accuracy
0.7407407407407407,0.8,0.7692307692307693,25,0.7692307692307693,0.7596153846153846,0.76
0.782608695652174,0.72,0.75,25,0.75,0.7596153846153846,0.76
