precision,recall,fscore,support,f1,macro f1,accuracy
0.4897959183673469,0.96,0.6486486486486487,25,0.6486486486486487,0.32432432432432434,0.48
0.0,0.0,0.0,25,0.0,0.32432432432432434,0.48
