precision,recall,fscore,support,f1,macro f1,accuracy
0.7575757575757576,1.0,0.8620689655172413,25,0.8620689655172413,0.8357963875205254,0.84
1.0,0.68,0.8095238095238095,25,0.8095238095238095,0.8357963875205254,0.84
