precision,recall,fscore,support,f1,macro f1,accuracy
0.9130434782608695,0.84,0.875,25,0.875,0.8798076923076923,0.88
0.8518518518518519,0.92,0.8846153846153846,25,0.8846153846153846,0.8798076923076923,0.88
