precision,recall,fscore,support,f1,macro f1,accuracy
0.5208333333333334,1.0,0.684931506849315,25,0.684931506849315,0.4165398274987316,0.54
1.0,0.08,0.14814814814814814,25,0.14814814814814814,0.4165398274987316,0.54
