precision,recall,fscore,support,f1,macro f1,accuracy
0.5,0.88,0.6376811594202898,25,0.6376811594202898,0.415614773258532,0.5
0.5,0.12,0.1935483870967742,25,0.1935483870967742,0.415614773258532,0.5
