precision,recall,fscore,support,f1,macro f1,accuracy
0.8148148148148148,0.88,0.8461538461538461,25,0.8461538461538461,0.8397435897435898,0.84
0.8695652173913043,0.8,0.8333333333333334,25,0.8333333333333334,0.8397435897435898,0.84
