precision,recall,fscore,support,f1,macro f1,accuracy
1.0,0.68,0.8095238095238095,25,0.8095238095238095,0.8365800865800865,0.72
1.0,0.76,0.8636363636363636,25,0.8636363636363636,0.8365800865800865,0.72
