precision,recall,fscore,support,f1,macro f1,accuracy
1.0,0.64,0.7804878048780488,25,0.7804878048780488,0.3902439024390244,0.32
0.0,0.0,0.0,25,0.0,0.3902439024390244,0.32
