precision,recall,fscore,support,f1,macro f1,accuracy
0.6756756756756757,1.0,0.8064516129032258,25,0.8064516129032258,0.7453310696095077,0.76
1.0,0.52,0.6842105263157895,25,0.6842105263157895,0.7453310696095077,0.76
