precision,recall,fscore,support,f1,macro f1,accuracy
0.9090909090909091,0.8,0.851063829787234,25,0.851063829787234,0.8678396072013093,0.86
0.8518518518518519,0.92,0.8846153846153846,25,0.8846153846153846,0.8678396072013093,0.86
