precision,recall,fscore,support,f1,macro f1,accuracy
1.0,0.92,0.9583333333333334,25,0.9583333333333334,0.7438725490196079,0.64
1.0,0.36,0.5294117647058824,25,0.5294117647058824,0.7438725490196079,0.64
