precision,recall,fscore,support,f1,macro f1,accuracy
0.7931034482758621,0.92,0.8518518518518519,25,0.8518518518518519,0.8481481481481481,0.84
0.95,0.76,0.8444444444444444,25,0.8444444444444444,0.8481481481481481,0.84
