precision,recall,fscore,support,f1,macro f1,accuracy
0.8260869565217391,0.76,0.7916666666666666,25,0.7916666666666666,0.7996794871794872,0.8
0.7777777777777778,0.84,0.8076923076923077,25,0.8076923076923077,0.7996794871794872,0.8
