precision,recall,fscore,support,f1,macro f1,accuracy
0.5151515151515151,0.68,0.5862068965517241,25,0.5862068965517241,0.5073891625615763,0.52
0.5294117647058824,0.36,0.42857142857142855,25,0.42857142857142855,0.5073891625615763,0.52
