precision,recall,fscore,support,f1,macro f1,accuracy
0.3333333333333333,0.16,0.21621621621621623,25,0.21621621621621623,0.37794937794937794,0.42
0.4473684210526316,0.68,0.5396825396825397,25,0.5396825396825397,0.37794937794937794,0.42
