precision,recall,fscore,support,f1,macro f1,accuracy
0.6578947368421053,1.0,0.7936507936507936,25,0.7936507936507936,0.7211497211497211,0.74
1.0,0.48,0.6486486486486487,25,0.6486486486486487,0.7211497211497211,0.74
