precision,recall,fscore,support,f1,macro f1,accuracy
0.5555555555555556,1.0,0.7142857142857143,25,0.7142857142857143,0.5238095238095238,0.6
1.0,0.2,0.3333333333333333,25,0.3333333333333333,0.5238095238095238,0.6
