,precision,recall,fscore,support,macro f1,accuracy
0,[1. 0.],[0.88770571 0.        ],[0.94051282 0.        ],[1033    0],0.47025641025641024,0.8877057115198451
