,precision,recall,fscore,support,macro f1,accuracy
0,[1. 0.],[0.87608906 0.        ],[0.93395253 0.        ],[1033    0],0.46697626418988647,0.8760890609874153
