,precision,recall,fscore,support,macro f1,accuracy
0,[1. 0.],[0.90609874 0.        ],[0.95073641 0.        ],[1033    0],0.47536820721178263,0.9060987415295256
