,precision,recall,fscore,support,macro f1,accuracy
0,[1. 0.],[0.95740561 0.        ],[0.97823937 0.        ],[1033    0],0.4891196834817013,0.957405614714424
