,precision,recall,fscore,support,macro f1,accuracy
0,[1. 0.],[0.96321394 0.        ],[0.98126233 0.        ],[1033    0],0.4906311637080868,0.9632139399806389
