,precision,recall,fscore,support,macro f1,accuracy
0,[1. 0.],[0.08228461 0.        ],[0.15205725 0.        ],[1033    0],0.07602862254025045,0.08228460793804453
