,precision,recall,fscore,support,macro f1,accuracy
0,[1. 0.],[0.88867377 0.        ],[0.94105587 0.        ],[1033    0],0.4705279343926192,0.888673765730881
