,precision,recall,fscore,support,macro f1,accuracy
0,[1. 0.],[0.87996128 0.        ],[0.9361483 0.       ],[1033    0],0.46807415036045313,0.8799612778315585
