,precision,recall,fscore,support,macro f1,accuracy
0,[1. 0.],[0.89932236 0.        ],[0.94699286 0.        ],[1033    0],0.47349643221202853,0.8993223620522749
