,precision,recall,fscore,support,macro f1,accuracy
0,[1. 0.],[0.83639884 0.        ],[0.91091197 0.        ],[1033    0],0.4554559831312599,0.8363988383349468
