,precision,recall,fscore,support,macro f1,accuracy
0,[1. 0.],[0.93126815 0.        ],[0.96441103 0.        ],[1033    0],0.48220551378446114,0.9312681510164569
