,precision,recall,fscore,support,macro f1,accuracy
0,[0. 1.],[0.         0.84317522],[0.         0.91491597],[   0 1033],0.4574579831932773,0.8431752178121975
