,precision,recall,fscore,support,macro f1,accuracy
0,[0. 1.],[0.         0.42207164],[0.         0.59360109],[   0 1033],0.2968005445881552,0.4220716360116166
