,precision,recall,fscore,support,macro f1,accuracy
0,[0. 1.],[0.         0.92836399],[0.         0.96285141],[   0 1033],0.48142570281124497,0.9283639883833494
