,precision,recall,fscore,support,macro f1,accuracy
0,[0. 1.],[0.         0.76476283],[0.         0.86670324],[   0 1033],0.4333516182117389,0.7647628267182962
