,precision,recall,fscore,support,macro f1,accuracy
0,[0. 1.],[0.         0.91481123],[0.         0.95551062],[   0 1033],0.47775530839231545,0.914811229428848
