,precision,recall,fscore,support,macro f1,accuracy
0,[0. 1.],[0.         0.88189739],[0.        0.9372428],[   0 1033],0.4686213991769547,0.8818973862536302
