,precision,recall,fscore,support,macro f1,accuracy
0,[0. 1.],[0.         0.06582769],[0.         0.12352407],[   0 1033],0.06176203451407811,0.06582768635043562
