,precision,recall,fscore,support,macro f1,accuracy
0,[0. 1.],[0.         0.40367861],[0.         0.57517241],[   0 1033],0.28758620689655173,0.4036786060019361
