,precision,recall,fscore,support,macro f1,accuracy
0,[0. 1.],[0.         0.94191675],[0.         0.97008973],[   0 1033],0.4850448654037886,0.9419167473378509
