,precision,recall,fscore,support,macro f1,accuracy
0,[0. 1.],[0.         0.90997096],[0.         0.95286366],[   0 1033],0.47643182970096304,0.9099709583736689
