,precision,recall,fscore,support,macro f1,accuracy
0,[0. 1.],[0.         0.49273959],[0.         0.66018158],[   0 1033],0.33009079118028534,0.4927395934172314
