,precision,recall,fscore,support,macro f1,accuracy
0,[0. 1.],[0.         0.84898354],[0.         0.91832461],[   0 1033],0.45916230366492145,0.8489835430784124
