precision,recall,fscore,support,f1,macro f1,accuracy
0.6611030478955007,0.8818973862536302,0.755703027789299,1033,0.755703027789299,0.7067300728719883,0.7149080348499516
0.8226744186046512,0.547918683446273,0.6577571179546776,1033,0.6577571179546776,0.7067300728719883,0.7149080348499516
