precision,recall,fscore,support,f1,macro f1,accuracy
0.5052790346907994,0.972894482090997,0.6651224354731965,1033,0.6651224354731965,0.3767053618807424,0.510164569215876
0.6363636363636364,0.04743465634075508,0.08828828828828829,1033,0.08828828828828829,0.3767053618807424,0.510164569215876
