precision,recall,fscore,support,f1,macro f1,accuracy
0.882640586797066,0.6989351403678606,0.7801188546731497,1033,0.7801188546731497,0.8008441708701128,0.8030009680542111
0.750801282051282,0.9070667957405615,0.8215694870670759,1033,0.8215694870670759,0.8008441708701128,0.8030009680542111
