precision,recall,fscore,support,f1,macro f1,accuracy
0.5022026431718062,0.9932236205227493,0.6671001300390117,1033,0.6671001300390117,0.348701580171021,0.5043562439496612
0.6956521739130435,0.015488867376573089,0.030303030303030304,1033,0.030303030303030304,0.348701580171021,0.5043562439496612
