precision,recall,fscore,support,f1,macro f1,accuracy
0.5779537149817296,0.9186834462729913,0.7095327102803738,1033,0.7095327102803738,0.5881225665334607,0.6239109390125847
0.8018867924528302,0.3291384317521781,0.46671242278654773,1033,0.46671242278654773,0.5881225665334607,0.6239109390125847
