precision,recall,fscore,support,f1,macro f1,accuracy
0.6017104459376909,0.9535333978702807,0.7378277153558053,1033,0.7378277153558053,0.6295157728625811,0.6611810261374637
0.8881118881118881,0.3688286544046467,0.521203830369357,1033,0.521203830369357,0.6295157728625811,0.6611810261374637
