precision,recall,fscore,support,f1,macro f1,accuracy
0.5012165450121655,0.9970958373668926,0.667098445595855,1033,0.667098445595855,0.34121205804696964,0.5024201355275896
0.7272727272727273,0.007744433688286544,0.01532567049808429,1033,0.01532567049808429,0.34121205804696964,0.5024201355275896
