precision,recall,fscore,support,f1,macro f1,accuracy
0.7605893186003683,0.7996127783155856,0.7796130250117981,1033,0.7796130250117981,0.7738104866738076,0.7739593417231365
0.7887755102040817,0.7483059051306873,0.7680079483358171,1033,0.7680079483358171,0.7738104866738076,0.7739593417231365
