precision,recall,fscore,support,f1,macro f1,accuracy
1.0,0.001936108422071636,0.003864734299516908,1033,0.003864734299516908,0.3354809625646762,0.5009680542110359
0.500484496124031,1.0,0.6670971908298354,1033,0.6670971908298354,0.3354809625646762,0.5009680542110359
