precision,recall,fscore,support,f1,macro f1,accuracy
1.0,0.005808325266214908,0.01154956689124158,1033,0.01154956689124158,0.33975473818212254,0.5029041626331074
0.5014563106796116,1.0,0.6679599094730035,1033,0.6679599094730035,0.33975473818212254,0.5029041626331074
