precision,recall,fscore,support,f1,macro f1,accuracy
0.8214971209213052,0.8286544046466602,0.8250602409638554,1033,0.8250602409638554,0.8267664032303212,0.8199419167473379
0.8464646464646465,0.8112294288480155,0.8284725654967869,1033,0.8284725654967869,0.8267664032303212,0.8199419167473379
