precision,recall,fscore,support,f1,macro f1,accuracy
0.6797583081570997,0.8712487899322362,0.7636826474331778,1033,0.7636826474331778,0.7145929234838955,0.712487899322362
0.8338192419825073,0.5537270087124879,0.6655031995346131,1033,0.6655031995346131,0.7145929234838955,0.712487899322362
