precision,recall,fscore,support,f1,macro f1,accuracy
0.6333333333333333,0.9564375605033882,0.7620516775935209,1033,0.7620516775935209,0.6805680232310312,0.6999031945788964
0.9233870967741935,0.44336882865440463,0.5990843688685416,1033,0.5990843688685416,0.6805680232310312,0.6999031945788964
