precision,recall,fscore,support,f1,macro f1,accuracy
0.9429223744292238,0.3998063891577928,0.5615227736233854,1033,0.5615227736233854,0.2940064199242755,0.20667957405614715
0.5833333333333334,0.013552758954501452,0.02649006622516556,1033,0.02649006622516556,0.2940064199242755,0.20667957405614715
