precision,recall,fscore,support,f1,macro f1,accuracy
0.8491620111731844,0.882865440464666,0.8656858092074039,1033,0.8656858092074039,0.8643326903535774,0.8606001936108422
0.8891170431211499,0.8383349467570184,0.8629795714997509,1033,0.8629795714997509,0.8643326903535774,0.8606001936108422
