precision,recall,fscore,support,f1,macro f1,accuracy
0.9142367066895368,0.515972894482091,0.6596534653465347,1033,0.6596534653465347,0.6929846274101095,0.558567279767667
0.9172821270310192,0.601161665053243,0.7263157894736841,1033,0.7263157894736841,0.6929846274101095,0.558567279767667
