precision,recall,fscore,support,f1,macro f1,accuracy
0.9085487077534792,0.8848015488867377,0.8965179009318294,1033,0.8965179009318294,0.8981870769632794,0.8969022265246854
0.8908918406072106,0.9090029041626331,0.8998562529947293,1033,0.8998562529947293,0.8981870769632794,0.8969022265246854
