precision,recall,fscore,support,f1,macro f1,accuracy
0.8769883351007424,0.8005808325266215,0.8370445344129555,1033,0.8370445344129555,0.6297385818459533,0.5406582768635043
0.8529411764705882,0.2807357212003872,0.42243262927895114,1033,0.42243262927895114,0.6297385818459533,0.5406582768635043
