precision,recall,fscore,support,f1,macro f1,accuracy
0.8910318225650916,0.8944820909970959,0.8927536231884058,1033,0.8927536231884058,0.8869119949440543,0.8775411423039691
0.9025380710659898,0.8606001936108422,0.8810703666997026,1033,0.8810703666997026,0.8869119949440543,0.8775411423039691
