precision,recall,fscore,support,f1,macro f1,accuracy
0.4110738255033557,0.2371732817037754,0.30079803560466545,1033,0.30079803560466545,0.4228720501634993,0.44869312681510165
0.4639455782312925,0.6602129719264279,0.5449460647223332,1033,0.5449460647223332,0.4228720501634993,0.44869312681510165
