precision,recall,fscore,support,f1,macro f1,accuracy
0.5152877697841727,0.5546950629235237,0.5342657342657343,1033,0.5342657342657343,0.5157488711590372,0.5164569215876089
0.5178197064989518,0.4782187802516941,0.4972320080523402,1033,0.4972320080523402,0.5157488711590372,0.5164569215876089
