precision,recall,fscore,support,f1,macro f1,accuracy
0.6056808688387636,0.7018393030009681,0.6502242152466369,1033,0.6502242152466369,0.6200647890113311,0.6224588576960309
0.6455696202531646,0.5430784123910939,0.5899053627760252,1033,0.5899053627760252,0.6200647890113311,0.6224588576960309
