precision,recall,fscore,support,f1,macro f1,accuracy
0.4997576345128454,0.9980638915779284,0.6660206718346254,1033,0.6660206718346254,0.3339755868825637,0.4995159728944821
0.3333333333333333,0.000968054211035818,0.0019305019305019308,1033,0.0019305019305019308,0.3339755868825637,0.4995159728944821
