precision,recall,fscore,support,f1,macro f1,accuracy
0.6313320825515948,0.6515004840271055,0.6412577417818008,1033,0.6412577417818008,0.635434576744319,0.6355275895450145
0.64,0.6195546950629235,0.6296114117068371,1033,0.6296114117068371,0.635434576744319,0.6355275895450145
