precision,recall,fscore,support,f1,macro f1,accuracy
0.6421600520494469,0.9554695062923524,0.7680933852140077,1033,0.7680933852140077,0.6925366472408341,0.7081316553727008
0.9333333333333333,0.46079380445304935,0.6169799092676604,1033,0.6169799092676604,0.6925366472408341,0.7081316553727008
