precision,recall,fscore,support,f1,macro f1,accuracy
0.5832369942196531,0.9767666989351403,0.7303655446977922,1033,0.7303655446977922,0.5926882588156116,0.6389157792836399
0.9311377245508982,0.3010648596321394,0.4550109729334309,1033,0.4550109729334309,0.5926882588156116,0.6389157792836399
