precision,recall,fscore,support,f1,macro f1,accuracy
0.5254237288135594,0.9903194578896418,0.6865771812080537,1033,0.6865771812080537,0.43790664615958236,0.547918683446273
0.9159663865546218,0.10551790900290416,0.18923611111111108,1033,0.18923611111111108,0.43790664615958236,0.547918683446273
