,precision,recall,fscore,support,macro f1,accuracy
0,[1. 0.],[0.89448209 0.        ],[0.9443025 0.       ],[1033    0],0.4721512519161983,0.8944820909970959
