,precision,recall,fscore,support,macro f1,accuracy
0,[1. 0.],[0.79961278 0.        ],[0.88864981 0.        ],[1033    0],0.4443249058633674,0.7996127783155856
