,precision,recall,fscore,support,macro f1,accuracy
0,[1. 0.],[0.80970556 0.        ],[0.89484785 0.        ],[11004     0],0.4474239228683338,0.8097055616139586
