,precision,recall,fscore,support,macro f1,accuracy
0,[1. 0.],[0.84027106 0.        ],[0.91320358 0.        ],[1033    0],0.4566017885323514,0.8402710551790901
