,precision,recall,fscore,support,macro f1,accuracy
0,[1. 0.],[0.839303 0.      ],[0.91263158 0.        ],[1033    0],0.45631578947368423,0.8393030009680542
