,precision,recall,fscore,support,macro f1,accuracy
0,[1. 0.],[0.99709584 0.        ],[0.99854581 0.        ],[1033    0],0.4992729035385361,0.9970958373668926
