,precision,recall,fscore,support,macro f1,accuracy
0,[1. 0.],[0.8857696 0.       ],[0.93942505 0.        ],[1033    0],0.46971252566735117,0.8857696030977735
