,precision,recall,fscore,support,macro f1,accuracy
0,[1. 0.],[0.96418199 0.        ],[0.98176442 0.        ],[1033    0],0.49088220798422866,0.9641819941916747
