,precision,recall,fscore,support,macro f1,accuracy
0,[1. 0.],[0.86544046 0.        ],[0.92786715 0.        ],[1033    0],0.46393357550596787,0.8654404646660213
