,precision,recall,fscore,support,macro f1,accuracy
0,[1. 0.],[0.89738625 0.        ],[0.94591837 0.        ],[1033    0],0.4729591836734694,0.8973862536302033
