,precision,recall,fscore,support,macro f1,accuracy
0,[1. 0.],[0.85866409 0.        ],[0.92395833 0.        ],[1033    0],0.46197916666666666,0.8586640851887706
