,precision,recall,fscore,support,macro f1,accuracy
0,[1. 0.],[0.9535334 0.       ],[0.97621407 0.        ],[1033    0],0.48810703666997024,0.9535333978702807
