,precision,recall,fscore,support,macro f1,accuracy
0,[1. 0.],[0.00580833 0.        ],[0.01154957 0.        ],[1033    0],0.00577478344562079,0.005808325266214908
