,precision,recall,fscore,support,macro f1,accuracy
0,[1. 0.],[0.8286544 0.       ],[0.90629963 0.        ],[1033    0],0.45314981471678134,0.8286544046466602
