,precision,recall,fscore,support,macro f1,accuracy
0,[1. 0.],[0.88286544 0.        ],[0.9377892 0.       ],[1033    0],0.46889460154241647,0.882865440464666
