,precision,recall,fscore,support,macro f1,accuracy
0,[1. 0.],[0.87899322 0.        ],[0.93560021 0.        ],[1033    0],0.46780010303967023,0.8789932236205228
