,precision,recall,fscore,support,macro f1,accuracy
0,[1. 0.],[0.65343659 0.        ],[0.79039813 0.        ],[1033    0],0.3951990632318501,0.6534365924491772
