,precision,recall,fscore,support,macro f1,accuracy
0,[1. 0.],[0.99322362 0.        ],[0.99660029 0.        ],[1033    0],0.49830014570179704,0.9932236205227493
