,precision,recall,fscore,support,macro f1,accuracy
0,[1. 0.],[0.97289448 0.        ],[0.98626104 0.        ],[1033    0],0.4931305201177625,0.972894482090997
