,precision,recall,fscore,support,macro f1,accuracy
0,[1. 0.],[0.57889642 0.        ],[0.73329246 0.        ],[1033    0],0.3666462293071735,0.5788964181994192
