,precision,recall,fscore,support,macro f1,accuracy
0,[1. 0.],[0.69893514 0.        ],[0.82279202 0.        ],[1033    0],0.41139601139601145,0.6989351403678606
