,precision,recall,fscore,support,macro f1,accuracy
0,[0. 1.],[0.        0.0571152],[0.         0.10805861],[   0 1033],0.054029304029304025,0.057115198451113264
