,precision,recall,fscore,support,macro f1,accuracy
0,[0. 1. 0.],[0.         0.56312443 0.        ],[0.         0.72051133 0.        ],[   0 1101    0],0.24017044354057718,0.5631244323342416
