,precision,recall,fscore,support,macro f1,accuracy
0,[0. 1.],[0.        0.9070668],[0.         0.95126904],[   0 1033],0.4756345177664975,0.9070667957405615
