,precision,recall,fscore,support,macro f1,accuracy
0,[0. 1.],[0.         0.43852856],[0.         0.60969044],[   0 1033],0.30484522207267833,0.43852855759922554
