,precision,recall,fscore,support,macro f1,accuracy
0,[0. 1.],[0.         0.04743466],[0.         0.09057301],[   0 1033],0.04528650646950093,0.04743465634075508
