,precision,recall,fscore,support,macro f1,accuracy
0,[0. 1.],[0.         0.74830591],[0.         0.85603544],[   0 1033],0.4280177187153931,0.7483059051306873
