,precision,recall,fscore,support,macro f1,accuracy
0,[0. 1.],[0.         0.55275895],[0.         0.71197007],[   0 1033],0.3559850374064838,0.5527589545014521
