,precision,recall,fscore,support,macro f1,accuracy
0,[0. 1.],[0.         0.01548887],[0.         0.03050524],[   0 1033],0.015252621544327931,0.015488867376573089
