,precision,recall,fscore,support,macro f1,accuracy
0,[0. 1.],[0.         0.81994192],[0.         0.90106383],[   0 1033],0.45053191489361705,0.8199419167473379
