,precision,recall,fscore,support,macro f1,accuracy
0,[0. 1.],[0.         0.54791868],[0.         0.70794246],[   0 1033],0.3539712320200125,0.547918683446273
