,precision,recall,fscore,support,macro f1,accuracy
0,[0. 1.],[0.         0.36882865],[0.         0.53889675],[   0 1033],0.2694483734087695,0.3688286544046467
