,precision,recall,fscore,support,macro f1,accuracy
0,[0. 1.],[0.         0.43465634],[0.         0.60593792],[   0 1033],0.30296896086369773,0.4346563407550823
