,precision,recall,fscore,support,macro f1,accuracy
0,[0. 1.],[0.         0.83736689],[0.         0.91148577],[   0 1033],0.45574288724973655,0.8373668925459826
