,precision,recall,fscore,support,macro f1,accuracy
0,[0. 1.],[0.        0.9090029],[0.         0.95233266],[   0 1033],0.4761663286004057,0.9090029041626331
