,precision,recall,fscore,support,macro f1,accuracy
0,[0. 1.],[0.         0.69119071],[0.         0.81740126],[   0 1033],0.40870062965083,0.691190706679574
