,precision,recall,fscore,support,macro f1,accuracy
0,[0. 1.],[0.         0.02420136],[0.         0.04725898],[   0 1033],0.02362948960302457,0.02420135527589545
