,precision,recall,fscore,support,macro f1,accuracy
0,[0. 1.],[0.         0.87221684],[0.         0.93174767],[   0 1033],0.4658738366080662,0.872216844143272
