,precision,recall,fscore,support,macro f1,accuracy
0,[0. 1.],[0.         0.31558567],[0.         0.47976453],[   0 1033],0.23988226637233262,0.3155856727976767
