,precision,recall,fscore,support,macro f1,accuracy
0,[0. 1.],[0.         0.84704743],[0.         0.91719078],[   0 1033],0.4585953878406709,0.8470474346563408
