,precision,recall,fscore,support,macro f1,accuracy
0,[0. 1.],[0.         0.00774443],[0.         0.01536984],[   0 1033],0.007684918347742555,0.007744433688286544
