,precision,recall,fscore,support,macro f1,accuracy
0,[0. 1.],[0.         0.54888674],[0.      0.70875],[   0 1033],0.354375,0.5488867376573088
