,precision,recall,fscore,support,macro f1,accuracy
0,[0. 1.],[0.         0.32913843],[0.         0.49526584],[   0 1033],0.24763292061179895,0.3291384317521781
