,precision,recall,fscore,support,macro f1,accuracy
0,[0. 1.],[0.         0.30106486],[0.         0.46279762],[   0 1033],0.23139880952380953,0.3010648596321394
