,precision,recall,fscore,support,macro f1,accuracy
0,[0. 1.],[0.         0.87028074],[0.         0.93064182],[   0 1033],0.46532091097308487,0.8702807357212003
