,precision,recall,fscore,support,macro f1,accuracy
0,[0. 1.],[0.         0.62342691],[0.         0.76803816],[   0 1033],0.3840190816935003,0.6234269119070668
