,precision,recall,fscore,support,macro f1,accuracy
0,[0. 1.],[0.         0.82478219],[0.         0.90397878],[   0 1033],0.45198938992042437,0.8247821878025169
