i,l,micro avg,macro avg,weighted avg
0.5832369942196531,0.9311377245508982,0.6395348837209303,0.7571873593852756,0.7571873593852757
0.9767666989351403,0.3010648596321394,0.6389157792836399,0.6389157792836399,0.6389157792836399
0.7303655446977922,0.45501097293343085,0.639225181598063,0.5926882588156115,0.5926882588156116
1033.0,1033.0,2066.0,2066.0,2066.0
