gpt4o,gpt35turbo,flant5xxl,flant5xl,flant5large,flant5small,llama31405binstruct,llama370binstruct,llama38binstruct,llama270bchat,llama213bchat,llama27bchat,gpt4
25.041459369817577,81.34328358208955,0.0,69.32006633499171,100.0,0.0,80.34825870646766,82.17247097844113,87.23051409618574,89.22056384742952,85.24046434494197,72.96849087893864,75.70480928689885
13.101160862354893,33.66500829187397,100.0,28.358208955223876,0.0,99.91708126036485,74.79270315091212,71.72470978441127,27.529021558872305,2.4046434494195688,10.530679933665008,9.618573797678275,78.44112769485905
