gpt4o,gpt35turbo,flant5xxl,flant5xl,flant5large,flant5small,llama31405binstruct,llama370binstruct,llama38binstruct,llama270bchat,llama213bchat,llama27bchat,gpt4
14.422141029019496,4.110127274094102,0.0,29.999972497917863,0.0,0.0,4.110127274094108,1.6563005269849214,15.936584847417253,16.533090124533498,9.699366182759164,14.467122196423684,2.3903043624211526
21.19299820751585,21.26877794229997,0.0,29.680276096068965,0.0,0.14361946994766656,10.000907527114244,11.508392213624955,26.626600429509303,3.9514933855535177,6.564211105477538,8.767848074401105,6.180645158734402
