gpt4o_p1,gpt4o_p2,gpt4o_p3,gpt35turbo_p1,gpt35turbo_p2,gpt35turbo_p3,flant5xxl_p1,flant5xxl_p2,flant5xxl_p3,flant5xl_p1,flant5xl_p2,flant5xl_p3,flant5large_p1,flant5large_p2,flant5large_p3,flant5small_p1,flant5small_p2,flant5small_p3,llama31405binstruct_p1,llama31405binstruct_p2,llama31405binstruct_p3,llama370binstruct_p1,llama370binstruct_p2,llama370binstruct_p3,llama38binstruct_p1,llama38binstruct_p2,llama38binstruct_p3,llama270bchat_p1,llama270bchat_p2,llama270bchat_p3,llama213bchat_p1,llama213bchat_p2,llama213bchat_p3,llama27bchat_p1,llama27bchat_p2,llama27bchat_p3,gpt4_p1,gpt4_p2,gpt4_p3
8.955223880597014,36.81592039800995,29.35323383084577,78.60696517412936,79.35323383084577,86.06965174129353,0.0,0.0,0.0,100.0,40.049751243781095,67.91044776119402,100.0,100.0,100.0,0.0,0.0,0.0,82.33830845771143,83.08457711442786,75.62189054726367,82.58706467661692,80.34825870646766,83.5820895522388,99.25373134328358,69.15422885572139,93.28358208955224,70.1492537313433,98.00995024875621,99.50248756218906,74.37810945273633,93.03482587064677,88.30845771144278,69.65174129353234,88.80597014925374,60.447761194029844,73.13432835820896,76.11940298507463,77.86069651741293
0.24875621890547264,1.4925373134328357,37.56218905472637,57.960199004975124,24.62686567164179,18.407960199004975,100.0,100.0,100.0,0.0,59.20398009950249,25.870646766169152,0.0,0.0,0.0,100.0,100.0,99.75124378109453,69.65174129353234,68.40796019900498,86.31840796019901,74.12935323383084,59.20398009950249,81.8407960199005,0.4975124378109453,53.73134328358209,28.35820895522388,6.965174129353234,0.24875621890547264,0.0,2.9850746268656714,14.925373134328357,13.681592039800993,0.0,11.691542288557214,17.16417910447761,85.57213930348259,74.6268656716418,75.12437810945273
