gpt4o_,gpt35turbo_,flant5xxl_,flant5xl_,flant5large_,flant5small_,llama31405binstruct_,llama370binstruct_,llama38binstruct_,llama270bchat_,llama213bchat_,llama27bchat_,gpt4_
4.477611940298507,25.538971807628524,0.0,9.286898839137645,0.0,0.0,57.62852404643449,57.711442786069654,18.90547263681592,1.482095694367668,9.121061359867332,6.135986733001658,57.048092868988384
