gpt4o_,gpt35turbo_,flant5xxl_,flant5xl_,flant5large_,flant5small_,llama31405binstruct_,llama370binstruct_,llama38binstruct_,llama270bchat_,llama213bchat_,llama27bchat_,gpt4_
6.688721223755599,15.595117068417522,0.0,8.285237808820428,0.0,0.0,5.124217099661819,11.246422443241112,16.134674296698034,2.3549227238431283,5.750162005832773,5.313920388063719,3.725811266776279
