gpt4o_p1,gpt4o_p2,gpt4o_p3,gpt35turbo_p1,gpt35turbo_p2,gpt35turbo_p3,flant5xxl_p1,flant5xxl_p2,flant5xxl_p3,flant5xl_p1,flant5xl_p2,flant5xl_p3,flant5large_p1,flant5large_p2,flant5large_p3,flant5small_p1,flant5small_p2,flant5small_p3,llama31405binstruct_p1,llama31405binstruct_p2,llama31405binstruct_p3,llama370binstruct_p1,llama370binstruct_p2,llama370binstruct_p3,llama38binstruct_p1,llama38binstruct_p2,llama38binstruct_p3,llama270bchat_p1,llama270bchat_p2,llama270bchat_p3,llama213bchat_p1,llama213bchat_p2,llama213bchat_p3,llama27bchat_p1,llama27bchat_p2,llama27bchat_p3,gpt4_p1,gpt4_p2,gpt4_p3
0.0024875621890547263,0.009950248756218905,0.12189054726368159,0.43532338308457713,0.17164179104477612,0.15920398009950248,0.0,0.0,0.0,0.0,0.15920398009950248,0.11940298507462686,0.0,0.0,0.0,0.0,0.0,0.0,0.5572139303482587,0.5373134328358209,0.6343283582089553,0.6069651741293532,0.4527363184079602,0.6716417910447762,0.004975124378109453,0.30597014925373134,0.2562189054726368,0.04197530864197531,0.0024875621890547263,0.0,0.024875621890547265,0.12189054726368159,0.12686567164179105,0.0,0.09203980099502487,0.09203980099502487,0.6119402985074627,0.5398009950248757,0.5597014925373134
