precision,recall,fscore,support,f1,macro f1,accuracy
0.7874577748719624,0.6249999999999999,0.5548770015563184,12.0,0.5548770015563184,0.5548770015563184,0.625
