precision,recall,fscore,support,f1,macro f1,accuracy
0.5905797101449276,0.5277777777777778,0.3909645909645909,12.0,0.3909645909645909,0.3909645909645909,0.5277777777777777
