precision,recall,fscore,support,f1,macro f1,accuracy
0.8191468253968254,0.8055555555555555,0.8027861027861029,12.0,0.8027861027861029,0.8027861027861029,0.8055555555555555
