precision,recall,fscore,support,f1,macro f1,accuracy
0.8059523809523809,0.7222222222222223,0.7029601976970398,12.0,0.7029601976970398,0.7029601976970398,0.7222222222222222
