precision,recall,fscore,support,f1,macro f1,accuracy
0.9186091686091685,0.9166666666666666,0.9165700483091787,12.0,0.9165700483091787,0.9165700483091787,0.9166666666666665
