precision,recall,fscore,support,f1,macro f1,accuracy
0.8015151515151514,0.47222222222222227,0.5646245059288538,12.0,0.5646245059288538,0.5646245059288538,0.47222222222222215
