precision,recall,fscore,support,f1,macro f1,accuracy
0.48839493839493836,0.5694444444444444,0.5129921286443025,12.0,0.5129921286443025,0.5129921286443025,0.5694444444444444
