precision,recall,fscore,support,f1,macro f1,accuracy
0.37143065268065273,0.4583333333333334,0.39690821256038644,12.0,0.39690821256038644,0.39690821256038644,0.45833333333333326
