precision,recall,fscore,support,f1,macro f1,accuracy
0.8085561497326204,0.6805555555555555,0.6343374918025286,12.0,0.6343374918025286,0.6343374918025285,0.6805555555555555
