precision,recall,fscore,support,f1,macro f1,accuracy
0.5836403330268362,0.5012254901960784,0.3360470480406578,816.0,0.3360470480406578,0.3360470480406577,0.5012254901960783
