precision,recall,fscore,support,f1,macro f1,accuracy
0.7733469274850884,0.7577614379084968,0.7535950008019343,816.0,0.7535950008019343,0.7535950008019343,0.7577614379084968
