precision,recall,fscore,support,f1,macro f1,accuracy
0.47965937094943406,0.5049019607843137,0.34979325428541846,816.0,0.34979325428541846,0.34979325428541846,0.5049019607843137
