precision,recall,fscore,support,f1,macro f1,accuracy
0.6599736813914396,0.5906862745098039,0.5142393741908027,816.0,0.5142393741908027,0.5142393741908027,0.5906862745098039
