precision,recall,fscore,support,f1,macro f1,accuracy
0.8744481694348623,0.42973856209150324,0.5338363099455014,816.0,0.5338363099455014,0.5338363099455015,0.4297385620915033
