precision,recall,fscore,support,f1,macro f1,accuracy
0.8877152638826056,0.8768382352941178,0.8819184507553559,816.0,0.8819184507553559,0.8819184507553559,0.8768382352941178
