precision,recall,fscore,support,f1,macro f1,accuracy
0.7902803565950821,0.7430555555555557,0.7394892610348776,816.0,0.7394892610348776,0.7394892610348777,0.7430555555555555
