precision,recall,fscore,support,f1,macro f1,accuracy
0.48379263540147527,0.4875408496732026,0.4238400383004344,816.0,0.4238400383004344,0.42384003830043443,0.4875408496732027
