precision,recall,fscore,support,f1,macro f1,accuracy
0.502839801623906,0.5847630718954249,0.5281391104426717,816.0,0.5281391104426717,0.5281391104426717,0.5847630718954248
