precision,recall,fscore,support,f1,macro f1,accuracy
0.7489863808742617,0.6266339869281046,0.5686867721645414,816.0,0.5686867721645414,0.5686867721645414,0.6266339869281046
