precision,recall,fscore,support,f1,macro f1,accuracy
0.7793018588694571,0.7713675213675213,0.7697034345411313,156.0,0.7697034345411313,0.7697034345411312,0.7713675213675213
