precision,recall,fscore,support,f1,macro f1,accuracy
0.7255777045842021,0.6057692307692307,0.5353972745826974,156.0,0.5353972745826974,0.5353972745826974,0.6057692307692307
