precision,recall,fscore,support,f1,macro f1,accuracy
0.48834501546758013,0.5010683760683761,0.34965681196791626,156.0,0.34965681196791626,0.34965681196791626,0.5010683760683761
