precision,recall,fscore,support,f1,macro f1,accuracy
0.4172043010752688,0.5021367521367521,0.3380296143375407,156.0,0.3380296143375407,0.3380296143375407,0.5021367521367521
