precision,recall,fscore,support,f1,macro f1,accuracy
0.8752787871451987,0.8664529914529915,0.8701071376282622,156.0,0.8701071376282622,0.8701071376282624,0.8664529914529915
