precision,recall,fscore,support,f1,macro f1,accuracy
0.7805648718430888,0.4358974358974359,0.5356326056678934,156.0,0.5356326056678934,0.5356326056678934,0.43589743589743585
