precision,recall,fscore,support,f1,macro f1,accuracy
0.7755694843879017,0.7414529914529915,0.7401413364588482,156.0,0.7401413364588482,0.7401413364588482,0.7414529914529915
