precision,recall,fscore,support,f1,macro f1,accuracy
0.5045649679564558,0.5876068376068376,0.5318429183141171,156.0,0.5318429183141171,0.5318429183141171,0.5876068376068376
