precision,recall,fscore,support,f1,macro f1,accuracy
0.4083740899681241,0.49358974358974356,0.42928005994390334,156.0,0.42928005994390334,0.42928005994390334,0.4935897435897436
