precision,recall,fscore,support,f1,macro f1,accuracy
0.765580101389726,0.639957264957265,0.5814951847979533,156.0,0.5814951847979533,0.5814951847979531,0.639957264957265
