precision,recall,fscore,support,f1,macro f1,accuracy
0.8287707997852927,0.8266666666666667,0.8263888888888888,25.0,0.8263888888888888,0.8263888888888888,0.8266666666666667
