precision,recall,fscore,support,f1,macro f1,accuracy
0.3316326530612245,0.49333333333333335,0.3577574769720632,25.0,0.3577574769720632,0.3577574769720632,0.49333333333333335
