precision,recall,fscore,support,f1,macro f1,accuracy
0.8256807944307943,0.7133333333333334,0.6658890948762549,25.0,0.6658890948762549,0.6658890948762549,0.7133333333333333
