precision,recall,fscore,support,f1,macro f1,accuracy
0.8632869808157163,0.82,0.820439608319655,25.0,0.820439608319655,0.8204396083196551,0.82
