precision,recall,fscore,support,f1,macro f1,accuracy
0.9544915149262976,0.94,0.9460509932287153,25.0,0.9460509932287153,0.9460509932287154,0.9399999999999998
