precision,recall,fscore,support,f1,macro f1,accuracy
0.8333333333333334,0.56,0.6568988460129063,25.0,0.6568988460129063,0.6568988460129064,0.5599999999999999
