precision,recall,fscore,support,f1,macro f1,accuracy
0.5639774557165862,0.6466666666666667,0.5910042735042736,25.0,0.5910042735042736,0.5910042735042735,0.6466666666666667
