precision,recall,fscore,support,f1,macro f1,accuracy
0.3875441723738937,0.48000000000000004,0.4062239579480959,25.0,0.4062239579480959,0.4062239579480959,0.48
