precision,recall,fscore,support,f1,macro f1,accuracy
0.8285043416622364,0.7266666666666667,0.6935852108265901,25.0,0.6935852108265901,0.6935852108265901,0.7266666666666667
