figurative (mean),figurative (stdev),literal (mean),literal (stdev),strict consistency (mean),strict consistency (stdev)
2.238805970149254,3.8777256885870384,96.43449419568823,6.175637207749727,0.6633499170812603,1.1489557595813449
