figurative (mean),figurative (stdev),literal (mean),literal (stdev),strict consistency (mean),strict consistency (stdev)
87.893864013267,14.454284717950927,9.535655058043117,14.826232368398916,4.39469320066335,6.165609102826303
