figurative (mean),figurative (stdev),literal (mean),literal (stdev),strict consistency (mean),strict consistency (stdev)
82.50414593698176,9.221891048283243,38.640132669983416,18.61908864451378,28.275290215588722,10.974444769210827
