figurative (mean),figurative (stdev),literal (mean),literal (stdev),strict consistency (mean),strict consistency (stdev)
28.77280265339967,13.58020628546221,8.872305140961858,13.271402668602578,3.814262023217247,5.172295248341856
