figurative (mean),figurative (stdev),literal (mean),literal (stdev),strict consistency (mean),strict consistency (stdev)
77.363184079602,1.243781094527364,28.77280265339967,13.58020628546221,27.943615257048094,12.820803175612816
