figurative (mean),figurative (stdev),literal (mean),literal (stdev),strict consistency (mean),strict consistency (stdev)
50.24875621890547,36.74441758900055,13.598673300165837,17.952433743458514,3.2338308457711444,0.6581470923046245
