figurative (mean),figurative (stdev),literal (mean),literal (stdev),strict consistency (mean),strict consistency (stdev)
21.55887230514096,21.642267584010224,63.930348258706466,32.2664720673454,8.374792703150913,7.3048538936109555
