figurative (mean),figurative (stdev),literal (mean),literal (stdev),strict consistency (mean),strict consistency (stdev)
43.78109452736319,41.0266807691928,1.1608623548922057,2.0106725792673537,0.7462686567164178,1.2925752295290127
