precision,recall,fscore,support,f1,macro f1,accuracy
0.012551092808470117,0.0,0.010997147984564325,0.0,0.010997147984564325,0.049910133160714916,0.024056261216234387
