precision,recall,fscore,support,f1,macro f1,accuracy
0.055002869100917,0.0,0.04426670577672222,0.0,0.04426670577672222,0.13093702777626523,0.08333333333333337
