precision,recall,fscore,support,f1,macro f1,accuracy
0.007001096072626341,0.08333333333333331,0.04523047314790355,0.0,0.04523047314790355,0.041739214304800334,0.041666666666666685
