precision,recall,fscore,support,f1,macro f1,accuracy
0.36219309005078737,0.41943524640393054,0.3885379462809228,0.0,0.3885379462809228,0.21297396908175947,0.1577474540500076
