precision,recall,fscore,support,f1,macro f1,accuracy
0.05773502691896256,0.26787918780535985,0.23636363636363636,0.0,0.23636363636363636,0.3277654131698407,0.3182344232608222
