precision,recall,fscore,support,f1,macro f1,accuracy
0.09449111825230683,0.0962250448649376,0.06627626915482877,0.0,0.06627626915482877,0.12309452796603756,0.08673608331108884
