precision,recall,fscore,support,f1,macro f1,accuracy
0.08157140092264537,0.0,0.061614141166608745,0.0,0.061614141166608745,0.14343604655203135,0.10485881160098261
