precision,recall,fscore,support,f1,macro f1,accuracy
0.06327004957761388,0.393817968854384,0.1854638385204128,0.0,0.1854638385204128,0.06208674903098884,0.04166666666666666
