precision,recall,fscore,support,f1,macro f1,accuracy
0.10868000088605352,0.08333333333333331,0.024328593506619603,0.0,0.024328593506619603,0.0519032732769992,0.048112522432468836
