precision,recall,fscore,support,f1,macro f1,accuracy
0.04467591368729248,0.17347216662217768,0.0809352519737443,0.0,0.0809352519737443,0.0519032732769992,0.048112522432468836
