precision,recall,fscore,support,f1,macro f1,accuracy
0.5529784118452927,0.41943524640393054,0.4364099978235811,0.0,0.4364099978235811,0.3277654131698407,0.3182344232608222
