precision,recall,fscore,support,f1,macro f1,accuracy
0.5773502691896258,0.048112522432468816,0.0888231183368655,0.0,0.0888231183368655,0.049910133160714916,0.024056261216234387
