precision,recall,fscore,support,f1,macro f1,accuracy
0.07701205679888933,0.0,0.03827193881745687,0.0,0.03827193881745687,0.041739214304800334,0.041666666666666685
