precision,recall,fscore,support,f1,macro f1,accuracy
0.18770764443574037,0.29265704869035386,0.15437712502641152,0.0,0.15437712502641152,0.21297396908175947,0.1577474540500076
