precision,recall,fscore,support,f1,macro f1,accuracy
0.0,0.2097176232019653,0.22565787516479577,0.0,0.22565787516479577,0.14343604655203135,0.10485881160098261
