precision,recall,fscore,support,f1,macro f1,accuracy
0.2598082142377418,0.3154949081000152,0.2830783166074953,0.0,0.2830783166074953,0.06208674903098884,0.04166666666666666
