precision,recall,fscore,support,f1,macro f1,accuracy
0.0,0.16666666666666669,0.21783715902545778,0.0,0.21783715902545778,0.13093702777626523,0.08333333333333337
