precision,recall,fscore,support,f1,macro f1,accuracy
0.11547005383792514,0.2204792759220492,0.1917731363224826,0.0,0.1917731363224826,0.12309452796603756,0.08673608331108884
