precision,recall,fscore,support,f1,macro f1,accuracy
0.05777106106692856,0.38324156729700865,0.18464022653672085,0.0,0.18464022653672085,0.0906486145760566,0.03626257035007596
