precision,recall,fscore,support,f1,macro f1,accuracy
0.030151666504111847,0.22130308101166818,0.15220195290151958,0.0,0.15220195290151958,0.21596999424124175,0.20024143553502166
