precision,recall,fscore,support,f1,macro f1,accuracy
0.35549264750857246,0.3947961887623589,0.3732080976370437,0.0,0.3732080976370437,0.16886347358120693,0.0736374138734238
