precision,recall,fscore,support,f1,macro f1,accuracy
0.09484477973132059,0.06565624008503927,0.03481635963881653,0.0,0.03481635963881653,0.07435514013372742,0.06394409306572582
