precision,recall,fscore,support,f1,macro f1,accuracy
0.11358655129342163,0.1007389715150219,0.012986552927958533,0.0,0.012986552927958533,0.0501556462005704,0.04571560278796868
