precision,recall,fscore,support,f1,macro f1,accuracy
0.024804848176817964,0.004418567739539248,0.012693324443506392,0.0,0.012693324443506392,0.01301939373784615,0.014487243158746194
