precision,recall,fscore,support,f1,macro f1,accuracy
0.003859354682113748,0.01068357584201148,0.0009646621039091491,0.0,0.0009646621039091491,0.024416713224631806,0.007454365845953674
