precision,recall,fscore,support,f1,macro f1,accuracy
0.04926388529933564,0.03739251544704013,0.03424389713748542,0.0,0.03424389713748542,0.1470716279168257,0.07873953324436321
