precision,recall,fscore,support,f1,macro f1,accuracy
0.05667551900424281,0.020469721922169233,0.03854486383152399,0.0,0.03854486383152399,0.12470305324152631,0.0772577375396137
