precision,recall,fscore,support,f1,macro f1,accuracy
0.5773502691896258,0.0024509803921568627,0.0048780536406197094,0.0,0.0048780536406197094,0.0027118032839603496,0.001225490196078427
