precision,recall,fscore,support,f1,macro f1,accuracy
0.0006142507683777581,0.0,0.0005455537978332935,0.0,0.0005455537978332935,0.0027118032839603496,0.001225490196078427
