precision,recall,fscore,support,f1,macro f1,accuracy
0.39602506005791205,0.025588986541447426,0.047873662269913984,0.0,0.047873662269913984,0.024416713224631806,0.007454365845953674
