precision,recall,fscore,support,f1,macro f1,accuracy
0.14071639468389904,0.1855798450606465,0.2616605110194268,0.0,0.2616605110194268,0.1470716279168257,0.07873953324436321
