precision,recall,fscore,support,f1,macro f1,accuracy
0.04057101829977729,0.1898929913592693,0.08887760206530781,0.0,0.08887760206530781,0.0501556462005704,0.04571560278796868
