precision,recall,fscore,support,f1,macro f1,accuracy
0.054090468206598304,0.1838820712881703,0.1148769541572842,0.0,0.1148769541572842,0.07435514013372742,0.06394409306572582
