precision,recall,fscore,support,f1,macro f1,accuracy
0.027814811513292067,0.34066496735928525,0.3013457089067528,0.0,0.3013457089067528,0.0906486145760566,0.03626257035007596
