precision,recall,fscore,support,f1,macro f1,accuracy
0.006772012808012123,0.03092997417677443,0.01405891119845464,0.0,0.01405891119845464,0.01301939373784615,0.014487243158746194
