precision,recall,fscore,support,f1,macro f1,accuracy
0.08778848593714866,0.2875605194035173,0.34688977636660856,0.0,0.34688977636660856,0.21596999424124175,0.20024143553502166
