precision,recall,fscore,support,f1,macro f1,accuracy
0.010010993570728698,0.17464991025144966,0.21099983315666862,0.0,0.21099983315666862,0.12470305324152631,0.0772577375396137
