precision,recall,fscore,support,f1,macro f1,accuracy
0.08278424866643078,0.2502201708952541,0.04127411396388845,0.0,0.04127411396388845,0.16886347358120693,0.0736374138734238
