precision,recall,fscore,support,f1,macro f1,accuracy
0.10092536215835347,0.06159630472392981,0.020869247301456947,0.0,0.020869247301456947,0.04298231508655772,0.04231902205200506
