precision,recall,fscore,support,f1,macro f1,accuracy
0.0041277710037999835,0.029607706112288523,0.009954660284902684,0.0,0.009954660284902684,0.014555423791561863,0.00806606243084479
