precision,recall,fscore,support,f1,macro f1,accuracy
0.36502796875946114,0.36689969285267143,0.3652098067668513,0.0,0.3652098067668513,0.17218731592265635,0.07647662465031319
