precision,recall,fscore,support,f1,macro f1,accuracy
0.11338496857499078,0.06313370385766734,0.04150325304761595,0.0,0.04150325304761595,0.08301407203277304,0.07512134970618349
