precision,recall,fscore,support,f1,macro f1,accuracy
0.05757628456687985,0.009791828408025265,0.03161635813058601,0.0,0.03161635813058601,0.0337190797889875,0.03366656251407847
