precision,recall,fscore,support,f1,macro f1,accuracy
0.5773502691896258,0.007401926528072126,0.014616462511129765,0.0,0.014616462511129765,0.008134197305907708,0.0037009632640360494
