precision,recall,fscore,support,f1,macro f1,accuracy
0.05212493517833135,0.3717948717948718,0.18061535073530072,0.0,0.18061535073530072,0.09643144073777929,0.036963341649585896
