precision,recall,fscore,support,f1,macro f1,accuracy
0.05969971695776558,0.05087983290508827,0.03534948052617588,0.0,0.03534948052617588,0.1694685148864004,0.08974358974358974
