precision,recall,fscore,support,f1,macro f1,accuracy
0.05245396969686915,0.15544045708951462,0.09681687002995248,0.0,0.09681687002995248,0.19798982044052443,0.18414849259260543
