precision,recall,fscore,support,f1,macro f1,accuracy
0.06293237254357459,0.009791828408025324,0.047079678759499415,0.0,0.047079678759499415,0.14179539798425905,0.08987703753439365
