precision,recall,fscore,support,f1,macro f1,accuracy
0.07631835849522858,0.21807437302859956,0.029526228729566423,0.0,0.029526228729566423,0.17218731592265635,0.07647662465031319
