precision,recall,fscore,support,f1,macro f1,accuracy
0.020075287112215064,0.14433756729740643,0.06631275236208116,0.0,0.06631275236208116,0.04298231508655772,0.04231902205200506
