precision,recall,fscore,support,f1,macro f1,accuracy
0.01475509384101049,0.06159630472392981,0.03653947794264611,0.0,0.03653947794264611,0.0337190797889875,0.03366656251407847
