precision,recall,fscore,support,f1,macro f1,accuracy
0.29166348167045486,0.33572857372239734,0.29878571065827175,0.0,0.29878571065827175,0.09643144073777929,0.036963341649585896
