precision,recall,fscore,support,f1,macro f1,accuracy
0.5016977977548923,0.019230769230769232,0.035322260562472715,0.0,0.035322260562472715,0.014555423791561863,0.00806606243084479
