precision,recall,fscore,support,f1,macro f1,accuracy
0.007845935947729185,0.1895456925952572,0.23679650204397693,0.0,0.23679650204397693,0.14179539798425905,0.08987703753439365
