precision,recall,fscore,support,f1,macro f1,accuracy
0.0018624202231923139,0.0,0.0016519321006856365,0.0,0.0016519321006856365,0.008134197305907708,0.0037009632640360494
