precision,recall,fscore,support,f1,macro f1,accuracy
0.31753276742521996,0.29298448415452405,0.33903283232474124,0.0,0.33903283232474124,0.19798982044052443,0.18414849259260543
