precision,recall,fscore,support,f1,macro f1,accuracy
0.10506913555995144,0.22817271449432933,0.30427795341910663,0.0,0.30427795341910663,0.1694685148864004,0.08974358974358974
