precision,recall,fscore,support,f1,macro f1,accuracy
0.026861155272275596,0.204961203386666,0.12591019260753455,0.0,0.12591019260753455,0.08301407203277304,0.07512134970618349
