precision,recall,fscore,support,f1,macro f1,accuracy
0.1008837593708999,0.4239496825489239,0.24023338876083783,0.0,0.24023338876083783,0.09040711712946467,0.05291502622129183
