precision,recall,fscore,support,f1,macro f1,accuracy
0.12022946798621045,0.0,0.09058891152754914,0.0,0.09058891152754914,0.22062929608840728,0.15534906930308054
