precision,recall,fscore,support,f1,macro f1,accuracy
0.005891329277445167,0.06110100926607786,0.014634971948507174,0.0,0.014634971948507174,0.05030795773052488,0.011547005383792526
