precision,recall,fscore,support,f1,macro f1,accuracy
0.43332974648314365,0.40857475856118836,0.42018624618314376,0.0,0.42018624618314376,0.23700236225174673,0.15011106998930274
