precision,recall,fscore,support,f1,macro f1,accuracy
0.0,0.1514375558880073,0.09540824207385973,0.0,0.09540824207385973,0.23553623092727047,0.21166010488516723
