precision,recall,fscore,support,f1,macro f1,accuracy
0.041507263206832574,0.023094010767585053,0.029052222218233364,0.0,0.029052222218233364,0.0226881334923974,0.019999999999999962
