precision,recall,fscore,support,f1,macro f1,accuracy
0.1010130156177801,0.0,0.07395916824925848,0.0,0.07395916824925848,0.15780938645743564,0.12055427546683416
