precision,recall,fscore,support,f1,macro f1,accuracy
0.11670835733746109,0.1006644591369433,0.025987344903088457,0.0,0.025987344903088457,0.0657868362994517,0.052915026221291794
