precision,recall,fscore,support,f1,macro f1,accuracy
0.0864330879247642,0.03999999999999998,0.0546753913757435,0.0,0.0546753913757435,0.061198927550158135,0.06110100926607786
