precision,recall,fscore,support,f1,macro f1,accuracy
0.13889037036246923,0.18036999011291577,0.0901110912494273,0.0,0.0901110912494273,0.23700236225174673,0.15011106998930274
