precision,recall,fscore,support,f1,macro f1,accuracy
0.0,0.3106981386061612,0.35130330145882355,0.0,0.35130330145882355,0.22062929608840728,0.15534906930308054
