precision,recall,fscore,support,f1,macro f1,accuracy
0.07536680611586297,0.20132891827388666,0.10602729222795935,0.0,0.10602729222795935,0.0657868362994517,0.052915026221291794
