precision,recall,fscore,support,f1,macro f1,accuracy
0.0,0.24110855093366834,0.24223333622546606,0.0,0.24223333622546606,0.15780938645743564,0.12055427546683416
