precision,recall,fscore,support,f1,macro f1,accuracy
0.045952538327052025,0.10066445913694336,0.06794065425463523,0.0,0.06794065425463523,0.061198927550158135,0.06110100926607786
