precision,recall,fscore,support,f1,macro f1,accuracy
0.2886751345948129,0.06928203230275509,0.11174521339154046,0.0,0.11174521339154046,0.05030795773052488,0.011547005383792526
