precision,recall,fscore,support,f1,macro f1,accuracy
0.024160772155564877,0.046188021535170036,0.021702629824688204,0.0,0.021702629824688204,0.0226881334923974,0.019999999999999962
