precision,recall,fscore,support,f1,macro f1,accuracy
0.5773502691896258,0.3801753981168868,0.4354787916256234,0.0,0.4354787916256234,0.23553623092727047,0.21166010488516723
