precision,recall,fscore,support,f1,macro f1,accuracy
0.28494047068406136,0.34019602192461534,0.2849784763914335,0.0,0.2849784763914335,0.09040711712946467,0.05291502622129183
